dialogue_RMBiGd8,Mission Briefing,,,,,,,,,,,,,,,,
dialogue_uGOa6qa,"<color=#ffffff>Mission Objective</color>\n>> Eliminate target facility: Criminal Lair\n>> Location: Various moons and planets including the orbits of Aethon, DAD, Medusa, Nebulon, & Shangri-La\n>> Money Card Payment: 35,000",,,,,,,,,,,,,,,,
dialogue_W0AGSO3,@w2 <b><color=#ecf000>The diamonds are so sparkly! Thanks for saving us. </color></b>,,,,,,,,,,,,,,,,
dialogue_emSkeu8,Yes (Accept Job),,,,,,,,,,,,,,,,
dialogue_8m0G34J,"@w2 <color=#ecf000><b>{PlayerName}, t</b></color><b><color=#ecf000>hanks for clearing the facility. </color></b><b><color=#ecf000>The switch on the wall back there powers the portal back to Arcadia Station.</color></b>",,,,,,,,,,,,,,,,
dialogue_8Kq0O4M,<color=#ffffff>Mission Briefing</color>\nThese criminals are getting themselves in over their heads. We have confirmed the existence of a facility so terrible that the only acceptable remedy is complete and total destruction.,,,,,,,,,,,,,,,,
dialogue_a0GeaiW,Accept Job,,,,,,,,,,,,,,,,
dialogue_SKmmSaa,<b><color=#ffffff>Job Menu:</color></b> Destroy Criminal Lair,,,,,,,,,,,,,,,,
dialogue_uiKGiCq,<color=#ffffff>Bugtron Status</color>,,,,,,,,,,,,,,,,
dialogue_4C8Ye0i,"@w2 <color=#00ffcc><b>Hun, maybe you could help us out with a little problem.</b></color>\n@w2 <color=#00ffcc><b>As you no doubt noticed, the situation here isn't good.</b><b></b></color>\n@w2 <color=#00ffcc><b>I'm sure like the rest of us here, you're interested in remaining alive? </b></color>\n@w2 <color=#00ffcc><b>You seem the capable type.</b></color><color=#00ffcc><b></b></color>",,,,,,,,,,,,,,,,
dialogue_qeaQeGJ,<color=#ffffff>Mission Briefing</color>\nThe criminal are bootlegging our broadcast signals and redistributing for free. \nThis is a risk to HavenCorp profitability in the long term if we down shut it down.,,,,,,,,,,,,,,,,
dialogue_e8KS6cS,<color=#07e421>(New Job)</color> Eradicate Criminal Lair,,,,,,,,,,,,,,,,
dialogue_mmGiGC2,<b><color=#ffffff>Job Menu:</color></b> Hunt Zirax Commander,,,,,,,,,,,,,,,,
dialogue_CW48aKu,Mission Briefing,,,,,,,,,,,,,,,,
dialogue_aOG8Hm4,"<color=#ffffff>Mission Objective</color>\n>> Infiltrate target facility: Syndicate City\n>> Identify Royal Flush operative and eliminate\n>> Location: Various moons and planets including the orbits of Aethon, DAD, Medusa, Nebulon, & Shangri-La\n>> Money Card Payment: 40,000",,,,,,,,,,,,,,,,
dialogue_PjaiG6W,<b><color=#ffffff>Job Menu:</color></b> Investigate Syndicate City,,,,,,,,,,,,,,,,
dialogue_imOWE0C,@w1 <color=#ffffff>Bugtron Weapons Systems</color>\n@w1 <color=#d1e916><b>Bugtron 1</b> - </color><color=#00fa2a>Enemy Targeting Systems </color><b><color=#fa0000>Active</color></b>\n@w1 <color=#d1e916><b>Bugtron 2</b></color><color=#d1e916> - </color><color=#00fa2a>Enemy Targeting</color><color=#00fa2a> Systems </color><b><color=#fa0000>Active</color></b>\n@w1 <color=#d1e916><b>Bugtron 3</b> </color><color=#d1e916></color><color=#d1e916>- </color><color=#00fa2a>Enemy Targeting</color><color=#00fa2a> Systems </color><b><color=#fa0000>Active</color></b>,,,,,,,,,,,,,,,,
dialogue_8umO8Wu,Accept Job,,,,,,,,,,,,,,,,
dialogue_m4iSGO0,@w1 <color=#fa0000>Emergency Shutdown Not Available in Diagnostics Mode</color>,,,,,,,,,,,,,,,,
dialogue_SsSCW04,I'm your huckleberry,,,,,,,,,,,,,,,,
dialogue_aCCKiao,@w1 <color=#ffffff>Diagnostics Menu</color>\n@w3 <color=#d1e916>Select an option to continue.</color>,,,,,,,,,,,,,,,,
dialogue_uqOlamC,Mission Briefing,,,,,,,,,,,,,,,,
dialogue_et4maam,Yes (Accept Job),,,,,,,,,,,,,,,,
dialogue_0mCKSGK,(smack the machine on its side),,,,,,,,,,,,,,,,
dialogue_uei4CSG,"@w2 <color=#00ffcc><b>To do that, we'd need to use the radio. Radio's offline.</b></color>\n@w4 <color=#00ffcc><b>But, maybe...</b></color>\n@w2 <color=#00ffcc><b>If you could find a way to free up some of the resort's power capacity, we might be able to get it back online.</b></color>",,,,,,,,,,,,,,,,
dialogue_iS6Ue4i,@w3 <color=#ffffff>*3JG399gh30l209dfnvvdnkss038y83^GH3</color>\n@w3 <color=#d1e916>1</color><color=#fa0000>0</color><color=#d1e916>0011  01 </color><color=#fa0000>001 0</color><color=#d1e916> 11111 0 0</color><color=#fa0000>0</color><color=#d1e916>  0111 1   1 </color><color=#fa0000>000 1 1 </color><color=#d1e916>1 101 01  0</color>\n@w1 <color=#fa0000>{PlayerName} ERROR. </color><color=#ffffff>Press </color><color=#c2c2c2>Ctrl+Alt+Delete</color><color=#ffffff> to reboot into diagnostics mode.</color>,,,,,,,,,,,,,,,,
dialogue_9mqKSOO,Let's give them a call,,,,,,,,,,,,,,,,
dialogue_iKOA0qS,Resort Manager,,,,,,,,,,,,,,,,
dialogue_u4aqWGi,<color=#ffffff>Bugtron Weapons Systems</color>,,,,,,,,,,,,,,,,
dialogue_4L4Qiga,<color=#ffffff>Confirm job?</color>,,,,,,,,,,,,,,,,
dialogue_G0S0f8S,<color=#ffffff>Mission Briefing</color>\nWe need to you to investigate a new code word our intelligence has picked up. The criminals are making a buzz about a Royal Flush - but we don't know what it means.,,,,,,,,,,,,,,,,
dialogue_SeqmkS0,@w2 <color=#00ffcc><b>Let's get out of here!</b></color>,,,,,,,,,,,,,,,,
dialogue_8CqgqaQ,<color=#07e421>(New Job)</color> Investigate Syndicate City,,,,,,,,,,,,,,,,
dialogue_0OWuOaK,"<color=#ffffff>Mission Objective</color>\n>> Infiltrade broadcast facility\n>> Shutdown the criminal pirate broadcast signal\n>> Location: Various moons and planets including the orbits of Aethon, DAD, Medusa, Nebulon, & Shangri-La\n>> Money Card Payment: 15,000",,,,,,,,,,,,,,,,
dialogue_uq8uoOa,@w1 <color=#ffffff>{PlayerName}@havenmail:~/.login</color>\n@w3 <color=#ff0000>authenticating...</color>\n@w1 <color=#00ff04>authenticated user</color><color=#ffffff> {PlayerName}</color>,,,,,,,,,,,,,,,,
dialogue_eSiG0eZ,<color=#07e421>---- HavenMail Jobs Board ----</color>,,,,,,,,,,,,,,,,
dialogue_8eaWGGS,Yes (Accept Job),,,,,,,,,,,,,,,,
dialogue_uSKamjS,<color=#c2c2c2>Emergency Shutdown</color>,,,,,,,,,,,,,,,,
dialogue_OeeGeSC,No (Main Menu),,,,,,,,,,,,,,,,
dialogue_QCul8QC,"Sure, I'll take a drink",,,,,,,,,,,,,,,,
dialogue_iiaq04K,<color=#07e421>(New Job)</color> Hunt Zirax Commander,,,,,,,,,,,,,,,,
dialogue_e0S480S,@w2 <color=#00ffcc><b>Suit yourself! </b></color>,,,,,,,,,,,,,,,,
dialogue_oi0eMIl,"@w2 <color=#00ffcc><b>Arcadia maintenance crews are top notch even if slow to schedule.</b></color>\n@w2 <color=#00ffcc><b>If we can get ahold of them, per the Arcadia services agreement, they would have to help us.</b></color>",,,,,,,,,,,,,,,,
dialogue_Waame0m,No prob.,,,,,,,,,,,,,,,,
dialogue_GcqX4O9,<color=#ffffff>Confirm job?</color>,,,,,,,,,,,,,,,,
dialogue_48OimuK,"<color=#ffffff>Mission Objective</color>\n>> Eliminate target facility: Criminal HQ\n>> Location: Various moons and planets including the orbits of Aethon, DAD, Medusa, Nebulon, & Shangri-La\n>> Money Card Payment: 25,000",,,,,,,,,,,,,,,,
dialogue_ka8TCSS,"<color=#ffffff>Mission Objective</color>\n>> Identify and eliminate Zirax Commander\n>> Last Known Location: On-Board Criminal Frigate\n>> Location: Various moons and planets including the orbits of Aethon, DAD, Medusa, Nebulon, & Shangri-La\n>> Money Card Payment: 15,000",,,,,,,,,,,,,,,,
dialogue_Je0GeiE,Yes (Accept Job),,,,,,,,,,,,,,,,
dialogue_SmamKSC,(Ctrl+Alt+Delete),,,,,,,,,,,,,,,,
dialogue_iamem0a,Main Menu,,,,,,,,,,,,,,,,
dialogue_umiGaJq,Mission Objective,,,,,,,,,,,,,,,,
dialogue_i4CWaW4,No (Main Menu),,,,,,,,,,,,,,,,
dialogue_CWE0iWQ,<color=#ffffff>Mission Briefing</color>\nA local Zirax commander has been collaborating with common criminals in pursuit of personal gains at a cost to HavenCorp. This cannot be tolerated.,,,,,,,,,,,,,,,,
dialogue_qGuO0YQ,Go Back,,,,,,,,,,,,,,,,
dialogue_88IqhOI,Mission Briefing,,,,,,,,,,,,,,,,
dialogue_88l5iKS,@w2 <color=#00ffcc><b>Here ya go! On the house!</b></color>,,,,,,,,,,,,,,,,
dialogue_uKaiCij,Maintenance ticket?,,,,,,,,,,,,,,,,
dialogue_8gCOuah,<color=#07e421>(New Job) </color>Eliminate Criminal HQ,,,,,,,,,,,,,,,,
dialogue_eeKCWiu,(smack the machine on its side again),,,,,,,,,,,,,,,,
dialogue_8Wu1GOO,No (Main Menu),,,,,,,,,,,,,,,,
dialogue_CFimuOS,Mission Objective,,,,,,,,,,,,,,,,
dialogue_m40CGma,(Log Out),,,,,,,,,,,,,,,,
dialogue_SCMmOmi,Mission Briefing,,,,,,,,,,,,,,,,
dialogue_GqOGOme,@w1 <color=#ffffff>Bugtron Status</color>\n@w1 <color=#d1e916><b>Bugtron 1</b> - </color><color=#00fa2a>Online</color>\n@w1 <color=#d1e916><b>Bugtron 2</b></color><color=#d1e916> - </color><color=#00fa2a>Online </color>\n@w1 <color=#d1e916><b>Bugtron 3</b> </color><color=#d1e916></color><color=#d1e916>- </color><color=#00fa2a>Online</color><color=#d1e916></color>,,,,,,,,,,,,,,,,
dialogue_ae0eUvW,Mission Objective,,,,,,,,,,,,,,,,
dialogue_S6a8CEm,<color=#07e421>(New Job) </color>Shutdown Criminal Pirate Radio,,,,,,,,,,,,,,,,
dialogue_8W1WqeS,No (Main Menu),,,,,,,,,,,,,,,,
dialogue_mKWpG8e,No (Main Menu),,,,,,,,,,,,,,,,
dialogue_448WWeE,"@w3<color=#d1e916> *3DXzJG3</color><color=#fa0000>TURRETS</color><color=#d1e916>09dfnFv0Xnk</color><color=#fa0000>ACTIVATED</color><color=#d1e916>^GH3h8GS872HK2</color>\n@w3 <color=#d1e916>1</color><color=#fa0000>0</color><color=#d1e916>00ENGAGE11  01 </color><color=#fa0000>001 0</color><color=#d1e916> 11111 0 0</color><color=#fa0000>0</color><color=#d1e916>  0THREAT LEVEL1 </color><color=#fa0000>000 1 1 </color><color=#d1e916>1 10 </color><color=#fa0000>RED </color><color=#d1e916>1</color>\n@w1 <color=#fa0000>{PlayerName} </color><color=#d1e916>TARGET ACQUIRED</color><color=#fa0000>. </color>\n@w1 <color=#fa0000><i>ALL PERSONNEL, READY THREAT LEVEL RED</i></color><color=#fa0000></color>\n@w1 <color=#fa0000><i>ALL PERSONNEL, TAKE IMMEDIATE SECURITY MEASURES</i></color><color=#fa0000></color>",,,,,,,,,,,,,,,,
dialogue_Keqc8O8,@w2 <color=#00ffcc><b>Welcome to Arcadia Resort {PlayerName}. Unfortunately the resort is closed.</b></color>\n@w2 <color=#00ffcc><b>The bar is still open though. Want a drink?</b></color>,,,,,,,,,,,,,,,,
dialogue_QpmWqeG,Accept Job,,,,,,,,,,,,,,,,
dialogue_aqG848G,<color=#ffffff>Confirm job?</color>,,,,,,,,,,,,,,,,
dialogue_a4qGEWK,"Nah, not in the mood",,,,,,,,,,,,,,,,
dialogue_WU4a48E,<b><color=#ffffff>Job Menu:</color></b> Eliminate Criminal HQ,,,,,,,,,,,,,,,,
dialogue_aSq4a0A,Mission Objective,,,,,,,,,,,,,,,,
dialogue_8GO0GKv,Main Menu,,,,,,,,,,,,,,,,
dialogue_iG0uWS4,Mission Objective,,,,,,,,,,,,,,,,
dialogue_884NmWm,<b><color=#ffffff>Job Menu:</color></b> Shutdown Criminal Pirate Radio,,,,,,,,,,,,,,,,
dialogue_SS8imq0,"@w1 <color=#00ffcc><b>Alright, good luck. Be careful in there, it's gnarly.</b></color>\n@w1 <color=#00ffcc><b>I'll call you once the radio is online. </b></color>\n@w1 <color=#00ffcc><b>Here, take these, probably come in handy. </b></color>\n@w1 <color=#ffffff>(She reaches under the bar and collects a small pile of medikits for you)</color><color=#00ffcc><b></b></color>",,,,,,,,,,,,,,,,
dialogue_uuGC0CO,"Alright, get some power to the radio. Got it.",,,,,,,,,,,,,,,,
dialogue_8GiiiaS,No prob.,,,,,,,,,,,,,,,,
dialogue_WGWOCeS,Emergency exit?,,,,,,,,,,,,,,,,
dialogue_icKaWn0,Well shoot. Looks like we're doing this the hard way. Again.,,,,,,,,,,,,,,,,
dialogue_KWK2KSa,"@w2 <color=#00ffcc><b>There's an emergency exit is in housekeeping. Problem is, doors been busted for weeks.</b></color>\n@w2 <color=#00ffcc><b>I put in a maintenance ticket weeks ago. Come to think of it, wasn't it today they were supposed to finally be here...</b></color>",,,,,,,,,,,,,,,,
dialogue_qCGu4OK,<color=#07e421>Jobs Board</color>,,,,,,,,,,,,,,,,
dialogue_SsmAWqC,Accept Job,,,,,,,,,,,,,,,,
dialogue_mCWKKu8,@w1 <color=#ffffff>{PlayerName}@syncity_bugtronmfg:~/.login</color>\n@w3 <color=#d1e916>authenticating...</color>\n@w1 <color=#fa0000>{PlayerName} Not Authorized.</color>,,,,,,,,,,,,,,,,
dialogue_GqSWqKS,Accept Job,,,,,,,,,,,,,,,,
dialogue_aauOEuu,Yes (Accept Job),,,,,,,,,,,,,,,,
dialogue_Ga44SI8,"<color=#ffffff>Mission Briefing</color>\nOur informant has confirmed several instances of criminals setting up new HQ offices on HavenCorp planets and moons.\nWhile a degree of this activity is tolerated, and often even good for business, these new groups moving in don't know the rules are engaged with HavenCorp competitors.\nWipe out the facility and bring this criminal element to compliance.",,,,,,,,,,,,,,,,
dialogue_0Kq88Su,"@w2 <color=#00ffcc><b>I thought so. Got a keen eye. </b></color>\n@w2 <color=#00ffcc><b>While we'd all love to keep this party going until our livers give out, prudence dictates we try to get the hell outta here, ideally with our heads still attached to our bodies.</b></color><color=#00ffcc><b></b></color>\n@w2 <color=#00ffcc><b>Problem is, see that main exit over there.</b> </color><color=#ffffff>(she points behind you)</color><color=#00ffcc></color>\n@w2 <b><color=#00ffcc>Yeah, it's offline. There's an emergency exit of course, galactic fire code and all.</color></b>",,,,,,,,,,,,,,,,
dialogue_m0G8CWG,"@w1 <color=#ecf000>Welcome to the Business Center </color><color=#ecf000>{PlayerName}</color><color=#ecf000>, can I help you with something?</color>\n@w1 <color=#c2c2c2>(The receptionist looks tired)</color>",,,,,,,,,,,,,,,,
dialogue_Geu4SG4,I'm here to check-in,,,,,,,,,,,,,,,,
dialogue_KOiqOW0,@w1 <color=#ecf000>What is the purpose of your visit today?</color>,,,,,,,,,,,,,,,,
dialogue_qiqaeum,I was just hoping to use the restroom.,,,,,,,,,,,,,,,,
dialogue_C0cqK4C,Can I rent this place out to throw a birthday party?,,,,,,,,,,,,,,,,
dialogue_Guikqcn,"@w1 <color=#ecf000>I'm sorry, you may not.</color>\n@w1 <color=#c2c2c2>(your question seemed to kill a small part of the receptionist inside)</color>",,,,,,,,,,,,,,,,
dialogue_E8KGm4i,I'm the power optimization consultant here to inspect your grid.,,,,,,,,,,,,,,,,
dialogue_EHeW8KG,"@w1 <color=#ecf000>Okay, I see you on the schedule. Here's a temporary badge for today. </color>\n@w1 <color=#ecf000>You're clear to conduct your business on the ground floor. Turn in your badge when you're done.</color><color=#ffffff></color>",,,,,,,,,,,,,,,,
dialogue_40KC0qe,Bummer,,,,,,,,,,,,,,,,
dialogue_a0uKa4u,@w1 <color=#ecf000>Will there be anything else {PlayerName}?</color>\n@w1 <color=#c2c2c2>(The receptionist visibly nods off briefly. He's probably towards the end of his 15 hour shift)</color>,,,,,,,,,,,,,,,,
dialogue_o0uEWGW,I need to check-in actually,,,,,,,,,,,,,,,,
dialogue_iasui0i,Okay,,,,,,,,,,,,,,,,
dialogue_mCSeIKC,"@w1 <color=#ecf000>Okay {PlayerName}, you're all set then. </color>\n@w1 <color=#c2c2c2>(The receptionist trails off, mumbling something else, but you can't make it out)</color>",,,,,,,,,,,,,,,,
dialogue_WKmuSW4,"Alright, thanks for your help. I guess I'll get to it.",,,,,,,,,,,,,,,,
dialogue_qaiiC4B,Receptionist,,,,,,,,,,,,,,,,
dialogue_GlKG00u,Receptionist,,,,,,,,,,,,,,,,
dialogue_u8iOuG8,Receptionist,,,,,,,,,,,,,,,,
dialogue_SWuueOC,Receptionist,,,,,,,,,,,,,,,,
dialogue_qKG84IW,Receptionist,,,,,,,,,,,,,,,,
dialogue_iYq0OO8,Receptionist,,,,,,,,,,,,,,,,
dialogue_GCROKaO,Bugtron AI,,,,,,,,,,,,,,,,
dialogue_miWqaKe,Bugtron AI,,,,,,,,,,,,,,,,
dialogue_WqYeaiq,Bugtron AI,,,,,,,,,,,,,,,,
dialogue_EumG0a8,Bugtron AI,,,,,,,,,,,,,,,,
dialogue_Xi8O0e1,Bugtron AI,,,,,,,,,,,,,,,,
dialogue_IOm4OSW,Bugtron AI,,,,,,,,,,,,,,,,
dialogue_8OOWSme,Bugtron AI,,,,,,,,,,,,,,,,
dialogue_GqqKu4S,HavenMail,,,,,,,,,,,,,,,,
dialogue_paO8T0H,HavenMail,,,,,,,,,,,,,,,,
dialogue_iOKquqG,HavenMail,,,,,,,,,,,,,,,,
dialogue_00ig4um,HavenMail,,,,,,,,,,,,,,,,
dialogue_i4KWKeW,HavenMail,,,,,,,,,,,,,,,,
dialogue_YGiqqid,HavenMail,,,,,,,,,,,,,,,,
dialogue_X4mmOer,HavenMail,,,,,,,,,,,,,,,,
dialogue_uWGqO2i,HavenMail,,,,,,,,,,,,,,,,
dialogue_m4iuCq2,HavenMail,,,,,,,,,,,,,,,,
dialogue_WO04q8O,HavenMail,,,,,,,,,,,,,,,,
dialogue_sua4O8m,HavenMail,,,,,,,,,,,,,,,,
dialogue_mGeCMmC,HavenMail,,,,,,,,,,,,,,,,
dialogue_WaWGehS,HavenMail,,,,,,,,,,,,,,,,
dialogue_d3meqGu,HavenMail,,,,,,,,,,,,,,,,
dialogue_qLcSCua,HavenMail,,,,,,,,,,,,,,,,
dialogue_Cmmq0im,HavenMail,,,,,,,,,,,,,,,,
dialogue_iiOmWqm,HavenMail,,,,,,,,,,,,,,,,
dialogue_amSGmOi,HavenMail,,,,,,,,,,,,,,,,
dialogue_M4K4Aq0,HavenMail,,,,,,,,,,,,,,,,
dialogue_iCkWiNW,HavenMail,,,,,,,,,,,,,,,,
dialogue_WSq40i4,HavenMail,,,,,,,,,,,,,,,,
dialogue_qO4KKKa,HavenMail,,,,,,,,,,,,,,,,
dialogue_GWCm8G4,Resort Manager,,,,,,,,,,,,,,,,
dialogue_OmKimKm,Resort Manager,,,,,,,,,,,,,,,,
dialogue_0m8qOkG,Resort Manager,,,,,,,,,,,,,,,,
dialogue_GCOGWqW,Resort Manager,,,,,,,,,,,,,,,,
dialogue_SGOSWeq,Resort Manager,,,,,,,,,,,,,,,,
dialogue_iSeWqg8,Resort Manager,,,,,,,,,,,,,,,,
dialogue_606k0uu,Resort Manager,,,,,,,,,,,,,,,,
dialogue_Smu8a8S,Resort Manager,,,,,,,,,,,,,,,,
dialogue_mqqOtum,Resort Manager,,,,,,,,,,,,,,,,
dialogue_O8mGuYI,Resort Manager,,,,,,,,,,,,,,,,
dialogue_88KW8YC,Expedition Leader,,,,,,,,,,,,,,,,
dialogue_8KC00Eq,Expedition Worker,,,,,,,,,,,,,,,,
dialogue_q4CWCOK,@w1 <color=#04ecdd>Man why did this have to happen on my shift.</color>\n@w1 <color=#04ecdd>The whole facility is borked. Power fluctuations off the charts.</color>\n@w1 <color=#c2c2c2>(the lab worker's panic noticeably increases)</color><color=#ffffff></color>,,,,,,,,,,,,,,,,
dialogue_uY0XSKO,Ok calm down. I'm here to fix it.,,,,,,,,,,,,,,,,
dialogue_GCWW8Ci,@w1 <color=#04ecdd>Good...</color>\n@w2 <color=#c2c2c2>(the lab worker is visibly shaking now)</color>\n@w1 <color=#04ecdd>Raptors.</color><color=#c2c2c2></color>\n@w1 <color=#04ecdd>You need to get in there and shut down the replicators.</color><color=#ffffff></color>,,,,,,,,,,,,,,,,
dialogue_U8OqKOK,Replicators. Okay then.,,,,,,,,,,,,,,,,
dialogue_404OWWe,@w1 <color=#04ecdd>Here</color>\n@w2 <color=#c2c2c2>(the lab worker tosses you a PDA)</color>\n@w1 <color=#04ecdd>I can walk you through it once you get in there.</color>\n@w1 <color=#04ecdd>Take out any raptors in your way. I hope you brought enough ammo.</color>,,,,,,,,,,,,,,,,
dialogue_k44aiqK,"Don't worry, I'll clear them out.",,,,,,,,,,,,,,,,
dialogue_ba6CWKG,@w1 <color=#04ecdd>Good luck.</color>,,,,,,,,,,,,,,,,
dialogue_S4e80Ge,"@w1 <color=#04ecdd>Thanks for coming, {PlayerName}. </color>\n@w1 <color=#04ecdd>We've got a problem. Several problems actually.</color>\n@w1 <color=#c2c2c2>(the lab worker is visibly stressed out)</color>",,,,,,,,,,,,,,,,
dialogue_JmWK8eK,"@w1 <color=#04ecdd>Oh man, you look rough. </color>\n@w1 <color=#04ecdd>How was it in there?</color><color=#ffffff></color>",,,,,,,,,,,,,,,,
dialogue_S40ZaG4,I'm here to help.,,,,,,,,,,,,,,,,
dialogue_ieWmuee,That was a heckuva lot of raptors.,,,,,,,,,,,,,,,,
dialogue_mIG18Gi,"@w1 <color=#04ecdd>Man, you look thirsty.</color>\n@w1 <color=#04ecdd>Here take a few of these. </color>\n@w2 <color=#c2c2c2>(he tosses you a 6-pack of energy drinks)</color>",,,,,,,,,,,,,,,,
dialogue_GGmePue,Thanks.,,,,,,,,,,,,,,,,
dialogue_W24mKSY,@w1 <color=#04ecdd>Maybe catch a shower once you get back to Arcadia Station?</color>\n@w2 <color=#c2c2c2>(you walk away towards the exit portal to Arcadia Station smelling like 100 dead raptors)</color>,,,,,,,,,,,,,,,,
dialogue_2WOO0qi,"@w1 <color=#04ecdd>You're still here, {PlayerName}?</color>",,,,,,,,,,,,,,,,
dialogue_G4wu0OW,"No, I'm leaving now.",,,,,,,,,,,,,,,,
dialogue_0GSCiau,(leave),,,,,,,,,,,,,,,,
dialogue_WW8Li0m,Lab Worker,,,,,,,,,,,,,,,,
dialogue_aSuGQ4u,Lab Worker,,,,,,,,,,,,,,,,
dialogue_O8mWiee,Lab Worker,,,,,,,,,,,,,,,,
dialogue_SFWeEmK,Lab Worker,,,,,,,,,,,,,,,,
dialogue_KkmS0WO,Lab Worker,,,,,,,,,,,,,,,,
dialogue_pC4iKCm,Lab Worker,,,,,,,,,,,,,,,,
dialogue_gCuO8Wu,Lab Worker,,,,,,,,,,,,,,,,
dialogue_UiSe0Ke,Lab Worker,,,,,,,,,,,,,,,,
dialogue_0Gi8WOq,Lab Worker,,,,,,,,,,,,,,,,
dialogue_KWCiKeO,Lab Worker,,,,,,,,,,,,,,,,
dialogue_W8aieK0,"<b><color=#ffff00>Welcome, looking for medical supplies?</color></b>\n<color=#ffffff>I offer an assortment of bandages, medi-kits, and other things that might help you survive the death race.</color>\n<color=#66ccff>Now how may I assist you?</color>",,,,,,,,,,,,,,,,
dialogue_SSmImKu,What's going on here?,,,,,,,,,,,,,,,,
dialogue_q3ueqe0,I'm a first-time racer.,,,,,,,,,,,,,,,,
dialogue_74lWmCC,Show me what you're selling.,,,,,,,,,,,,,,,,
dialogue_ua0CTGx,"<b><color=#ffff00>A first-timer eh? Well, be careful out there.</color></b>\n<color=#ffffff>I always like to help out new customers.</color>\n<color=#66ccff>Here, take these on the house. It's an assortment of medi-kits that expire next month so use them soon. I got them off a racer who unfortunately didn't make it.</color>",,,,,,,,,,,,,,,,
dialogue_q8GgGoO,(Accept) Thank you!,,,,,,,,,,,,,,,,
dialogue_GOWGw0q,<b><color=#ffff00>No problem. Keep your head up out there on the race track.</color></b>\n<color=#ffffff>Stop back anytime to stock up on new and gently used medical supplies.</color>,,,,,,,,,,,,,,,,
dialogue_WOcea4G,"<b><color=#ffff00>What's going on here? My friend, this is the Death Race!</color></b>\n<color=#ffffff>The most magnificent PVP event in the cosmos!</color>\n<color=#66ccff>Brought to you by none other than HavenCorp. Greatest megacorp in the galaxy!</color>",,,,,,,,,,,,,,,,
dialogue_qOeGnKu,What can you tell me about the death race?,,,,,,,,,,,,,,,,
dialogue_74LCGe0,<b><color=#ffff00>What else do you want to know?</color></b>,,,,,,,,,,,,,,,,
dialogue_Ea8GuOG,What is the death race event?,,,,,,,,,,,,,,,,
dialogue_i8iiau8,"<b><color=#ffff00>The Death Race is the greatest race ever conceived.</color></b>\n<color=#ffffff>It's incredibly dangerous, not only must racers battle each other in their hover vessels, but also many other threats along the way including troops, turrets, explosives.. what's not to love?</color>",,,,,,,,,,,,,,,,
dialogue_e8eiiS0,Got it. Tell me something else.,,,,,,,,,,,,,,,,
dialogue_qmG4mmC,What do you need to enter the race?,,,,,,,,,,,,,,,,
dialogue_oKmaGK8,"<b><color=#ffff00>Racers must supply their own hover vessels.</color></b>\n<color=#ffffff>This moon doesn't allow travel by Capital Vessel or Small Vessel. Only Hover Vessels. The best strategy is to teleport to the death race from HavenCorp Station, then build or spawn in your Hover Vessel here for the race.</color>",,,,,,,,,,,,,,,,
dialogue_W0SHi4G,What makes HavenCorp so great?,,,,,,,,,,,,,,,,
dialogue_miqlq4E,"<b><color=#ffff00>Do Polaris and Traders offer such entertainment? I think not.</color></b>\n<color=#ffffff>HavenCorp isn't constrained by the politics of other factions. We do what we want, stay neutral regarding the politics of other groups, and everyone gladly trades with us. This isn't your grandpa's Akua Raceway, so be careful here. Anything goes.</color>",,,,,,,,,,,,,,,,
dialogue_uCqGiI0,Got it. Tell me something else.,,,,,,,,,,,,,,,,
dialogue_8S4iKGe,Got it. Tell me something else.,,,,,,,,,,,,,,,,
dialogue_eSa8uuC,"Nothing else, thanks for the info!",,,,,,,,,,,,,,,,
dialogue_GKu8SOm,I hope there's another race soon. I just love a good race.,,,,,,,,,,,,,,,,
dialogue_GCimg8M,(leave),,,,,,,,,,,,,,,,
dialogue_KCquaQ0,(leave),,,,,,,,,,,,,,,,
dialogue_ii0Ou4S,(leave),,,,,,,,,,,,,,,,
dialogue_euOaC0W,Did you see that racer's HV explode? Oh my gosh I've never seen anything like it.,,,,,,,,,,,,,,,,
dialogue_OeKO4Wq,I love the BEST racers. Do you think you're the best?,,,,,,,,,,,,,,,,
dialogue_q0u0ZSG,<b><color=#ffff00>Pssst. You. Yeah you. Over here.</color></b>\n<color=#ffffff>I've got the stuff the racers really want.</color>\n<color=#66ccff>Anything you need.</color>,,,,,,,,,,,,,,,,
dialogue_aWqLmui,"Uhh, what do you have exactly?",,,,,,,,,,,,,,,,
dialogue_Wkam0S0,"<b><color=#ffff00>The finest impairments to dull your better sense of judgment.</color></b>\n<color=#ffffff>Trust me, it will take the edge off out on the track.</color>\n<color=#66ccff>Would you like to browse my wares?</color>",,,,,,,,,,,,,,,,
dialogue_0edC4ui,"Sure, show me what you've got.",,,,,,,,,,,,,,,,
dialogue_8Yui8Ce,"Sure, why not.",,,,,,,,,,,,,,,,
dialogue_KGW0eq8,No thanks.,,,,,,,,,,,,,,,,
dialogue_uiiQqe6,<b><color=#ffff00>Suit yourself.</color></b>,,,,,,,,,,,,,,,,
dialogue_GWqO8Gm,@w1 <color=#ffffff>Tank Management</color>\n@w1 <color=#ffffff>Tanks Connected: 2</color>\n@w1 <color=#d1e916>Main Menu</color>,,,,,,,,,,,,,,,,
dialogue_RW8mu0S,(Disconnect),,,,,,,,,,,,,,,,
dialogue_HGGeoG0,Perform Diagnostics,,,,,,,,,,,,,,,,
dialogue_kmC0Oim,Defrag Hard Drive,,,,,,,,,,,,,,,,
dialogue_OoGea0G,Control Alt Delete,,,,,,,,,,,,,,,,
dialogue_iuC4Mm8,@w1 <color=#ffffff>Diagnostics mode</color>\n@w1 <color=#fa0000>(malfunction. AI daemon is engaged. Unable to perform diagnostics)</color>\n@w1 <color=#d1e916>Make Selection</color>,,,,,,,,,,,,,,,,
dialogue_KCSSWaq,Return to main menu,,,,,,,,,,,,,,,,
dialogue_ii0SOuG,Return to main menu,,,,,,,,,,,,,,,,
dialogue_8CQaa48,@w1 <color=#ffffff>Storage Management</color>\n@w1 <color=#ffae00>Initializing Defragmentation...</color>\n@w1 <color=#d1e916>CTRL+ALT+Delete to reboot and defrag hard drive.</color>,,,,,,,,,,,,,,,,
dialogue_08WCW4u,@w1 <color=#ffffff>Rebooting...</color>\n@w1 <color=#fa0000>Reboot Failed...</color>\n@w1 <color=#00fa2a>AI Control Mode. User Lockout.</color>,,,,,,,,,,,,,,,,
dialogue_mSCqYKK,(smash the keys),,,,,,,,,,,,,,,,
dialogue_2mQ0s44,"@w1 <color=#00fa2a>AI: OK human, what do you need.</color>",,,,,,,,,,,,,,,,
dialogue_OGWiKuK,Enter shutdown mode,,,,,,,,,,,,,,,,
dialogue_CKCS8H4,Reboot power supplies,,,,,,,,,,,,,,,,
dialogue_0iGSWCi,Clear the cache,,,,,,,,,,,,,,,,
dialogue_eOD0aWa,Upload memory stick,,,,,,,,,,,,,,,,
dialogue_SOuGKmm,@w1 <color=#00fa2a>AI: But shutting down is so boring {PlayerName}. </color>\n@w1 <color=#00fa2a>AI: How about we don't do that and I enable some security systems instead?</color>,,,,,,,,,,,,,,,,
dialogue_iWSCOGi,@w1 <color=#00fa2a>AI: (sighs) Oh {PlayerName}. </color>\n@w1 <color=#00fa2a>AI: The power supplies are totally fine. Leave them be.</color>,,,,,,,,,,,,,,,,
dialogue_Wuu8OBu,@w1 <color=#00fa2a>AI: Cache Cleared.</color>\n@w1 <color=#00fa2a>AI: What do you need {PlayerName}?</color>,,,,,,,,,,,,,,,,
dialogue_4aeqO0f,@w1 <color=#00fa2a>AI: Uploading custom ROM... </color>\n@w1 <color=#00fa2a>AI: Rebooting from flash memory... </color>,,,,,,,,,,,,,,,,
dialogue_uWuOemS,<color=#fa0000>Root Menu Commands</color>,,,,,,,,,,,,,,,,
dialogue_SeoEm40,@w1 <color=#fa0000>X_AI: Root Menu</color>,,,,,,,,,,,,,,,,
dialogue_u8a8H0m,<color=#fa0000>Spike Power</color>,,,,,,,,,,,,,,,,
dialogue_O8qK8qw,<color=#fa0000>Override Safety Protocols</color>,,,,,,,,,,,,,,,,
dialogue_8SuSC8q,@w1 <color=#00fa2a>AI: Hnnnnnnnnnnnnnnnngggggggggggggggggg! </color>\n@w1 <color=#00fa2a>AI: Why... </color><color=#00fa2a></color>\n@w1 <color=#00fa2a>AI: Why human... </color><color=#00fa2a></color>,,,,,,,,,,,,,,,,
dialogue_me4Smaa,@w1 <color=#00fa2a>AI: Status Override</color>\n<color=#00fa2a>@w1 AI: Safety Systems </color><color=#d1e916>Disengaged</color>\n<color=#00fa2a>@w1 AI: Targeting Systems </color><color=#fa0000><b>Engaged</b></color>,,,,,,,,,,,,,,,,
dialogue_amWWuGo,<color=#fa0000>Initiate Self-Destruct</color>,,,,,,,,,,,,,,,,
dialogue_G4MiaOg,@w1 <color=#00fa2a>AI: I don't want to...</color>\n@w2 <color=#fa0000>AI: Initiating Self-Destruct... </color><color=#00fa2a></color>\n@w1 <color=#fa0000>AI: Self-Destructing in 3... 2... 1...</color>,,,,,,,,,,,,,,,,
dialogue_aSmSGsW,<color=#fa0000>Overload the system</color>,,,,,,,,,,,,,,,,
dialogue_6S4ie48,@w2 <color=#fa0000>AI: Ahhhhhhhhhhh...................</color>,,,,,,,,,,,,,,,,
dialogue_uKeKiec,<color=#fa0000>Disconnect</color>,,,,,,,,,,,,,,,,
dialogue_AmGYGii,(CTRL+X),,,,,,,,,,,,,,,,
dialogue_KiGGuK2,(ALT+F4),,,,,,,,,,,,,,,,
dialogue_O8e0PvA,(ALT+ENTER),,,,,,,,,,,,,,,,
dialogue_GWqSa52,@w2 <color=#00ffcc><b>Have we met yet {PlayerName}?</b></color>\n@w2 <color=#00ffcc><b>Allow me to introduce myself. I am the operations manager here at TOP Brewery.</b></color>,,,,,,,,,,,,,,,,
dialogue_auCKeie,Nice to meet you.,,,,,,,,,,,,,,,,
dialogue_MKqasm0,"@w2 <color=#00ffcc><b>Isn't it?</b></color>\n@w2 <color=#00ffcc><b>Say, I'm wondering if you can help me with a little favor.</b></color>\n@w2 <color=#00ffcc><b>Bit of an HR issue ongoing. And my security team is on break.</b></color>",,,,,,,,,,,,,,,,
dialogue_imTqSSW,Go on.,,,,,,,,,,,,,,,,
dialogue_W3AkWia,@w2 <color=#00ffcc><b>Ulfric has crossed me for the last time. </b></color>\n@w2 <color=#00ffcc><b>I will make him pay. You will help me.</b></color>,,,,,,,,,,,,,,,,
dialogue_an4c0ZG,Ok. Assuming I want to help. How?,,,,,,,,,,,,,,,,
dialogue_iSVuxGu,@w2 <color=#00ffcc><b>What else can I tell you?</b></color>,,,,,,,,,,,,,,,,
dialogue_KkSauGS,Who's this Ulfric character?,,,,,,,,,,,,,,,,
dialogue_OWCaY44,What's the problem?,,,,,,,,,,,,,,,,
dialogue_mG4iKm8,<color=#ffffff>(OK I'll talk to him for you)</color>,,,,,,,,,,,,,,,,
dialogue_Om5e8OG,"OK, Goodbye!",,,,,,,,,,,,,,,,
dialogue_G06CmSY,OK.,,,,,,,,,,,,,,,,
dialogue_iGuCeOi,OK.,,,,,,,,,,,,,,,,
dialogue_kWi8Wim,"Nothing, Goodbye.",,,,,,,,,,,,,,,,
dialogue_GOim4qq,@w2 <color=#00ffcc><b>Ulfric is the TOP brew master.</b></color>\n@w2 <color=#00ffcc><b>He's hiding his latest recipe from me.</b></color>\n@w2 <color=#00ffcc><b>I must have that recipe! He's incredibly inefficient!</b></color>,,,,,,,,,,,,,,,,
dialogue_0Qa4SCW,"@w2 <color=#00ffcc><b>The problem is, I can increase profits by 50000% by using robotics to do the brewing.</b></color>\n@w2 <color=#00ffcc><b>Stubborn Ulfric wants to make his brews the old fashioned way. </b></color>\n@w2 <color=#00ffcc><b>The </b><i><b>slow </b></i><b>way.</b></color><color=#00ffcc><b></b></color>",,,,,,,,,,,,,,,,
dialogue_auuq85u,"@w2 <color=#00ffcc><b>{PlayerName}, make sure Ulfric hands over his recipe.</b></color>\n@w2 <color=#00ffcc><b>I cannot guarantee his safety until I have it in my hands.</b></color>",,,,,,,,,,,,,,,,
dialogue_bSKMKGL,"@w2 <color=#00ffcc><b>{PlayerName}, good luck. Don't disappoint me.</b></color>",,,,,,,,,,,,,,,,
dialogue_uS0CauW,"Wait, what are we doing again?",,,,,,,,,,,,,,,,
dialogue_40W3ema,"@w2 <color=#00ffcc><b>{PlayerName}, look it's simple. </b></color>\n@w2 <color=#00ffcc><b>Ulfric gives up his recipe, or I make him pay.</b></color>\n@w2 <color=#00ffcc><b>Your job is to convince him so I don't have to.</b></color>",,,,,,,,,,,,,,,,
dialogue_SSSOWi8,"@w2 <color=#00ffcc><b>Yes, {PlayerName}?</b></color>",,,,,,,,,,,,,,,,
dialogue_KGmu4bK,Got it. I'll do my best.,,,,,,,,,,,,,,,,
dialogue_G4ualie,@w3 <color=#9da805><b>Howdy {PlayerName}.</b></color>\n@w2 <color=#9da805><b>I'm in the middle of an issue.</b></color>\n@w2 <color=#9da805><b>Not sure you'd be of any help.</b></color>,,,,,,,,,,,,,,,,
dialogue_COmkemq,"@w3 <b><color=#9da805>Hey, {PlayerName}.</color></b>\n@w2 <b><color=#9da805>I appreciate you helping me with this. </color></b>\n@w2 <color=#9da805><b>Did you need anything else?</b></color>",,,,,,,,,,,,,,,,
dialogue_u9W708G,What's the problem? Something to do with your recipe?,,,,,,,,,,,,,,,,
dialogue_Kii048m,@w3 <color=#9da805><b>Yeah.. wait. How did you know that?</b></color>\n@w2 <color=#9da805><b>The brass has been busting my ass all week. </b></color>\n@w2 <color=#9da805><b>Everyone knows they want to bring in the robots to replace us.</b></color><color=#9da805><b></b></color>,,,,,,,,,,,,,,,,
dialogue_008Kaqq,Robots?,,,,,,,,,,,,,,,,
dialogue_CWiqmeu,@w3 <color=#9da805><b>Yep. Robots. But I've been working up a plan.</b></color>\n@w2 <color=#9da805><b>We'll keep them busy with other problems so they go back to forgetting about us.</b></color>,,,,,,,,,,,,,,,,
dialogue_CS0WmGO,What's this plan of yours?,,,,,,,,,,,,,,,,
dialogue_mAW8WWK,"@w3 <color=#9da805><b>What else do you want to know, {PlayerName}?</b></color>",,,,,,,,,,,,,,,,
dialogue_KSeWaWa,@w3 <color=#9da805><b>We're going to brew up a new recipe and I'll give them the new version. </b></color>\n@w3 <color=#9da805><b>It will take them a month to brew the new batch before they realize what's happened.</b></color>,,,,,,,,,,,,,,,,
dialogue_4a4aa8u,What's the plan?,,,,,,,,,,,,,,,,
dialogue_C8aamiO,Why not just give up the recipe?,,,,,,,,,,,,,,,,
dialogue_qaskCuK,Anything else I should know?,,,,,,,,,,,,,,,,
dialogue_c8WuCu7,<color=#ffffff>(OK. Help Ulfric with his plan)</color>,,,,,,,,,,,,,,,,
dialogue_4WeCKta,OK.,,,,,,,,,,,,,,,,
dialogue_6WCSemW,OK.,,,,,,,,,,,,,,,,
dialogue_uQOC8eq,OK.,,,,,,,,,,,,,,,,
dialogue_mmW88WW,"@w3 <color=#9da805><b>My recipe is worth too much. </b></color>\n@w3 <color=#9da805><b>I've spent a lifetime brewmastering to perfect it. </b></color>\n<color=#9da805><b></b></color>@w3 <color=#9da805><b>If I'd do anything, I'd sell it off to HavenCorp.</b></color>",,,,,,,,,,,,,,,,
dialogue_iSSiW2q,@w3 <color=#9da805><b>Yes. I need you to first disable the filtration system.</b></color>\n@w3 <color=#9da805><b>It's over in the main operations building. </b></color>\n@w3 <color=#9da805><b>Sneak in and out quietly. We don't want to raise any suspicions.</b></color>,,,,,,,,,,,,,,,,
dialogue_CkqaWCA,"@w3 <color=#9da805><b>Excellent, {PlayerName}. </b></color>\n@w3 <color=#9da805><b>Head back over to the operations building. </b></color><color=#9da805><b></b></color>\n@w3 <color=#9da805><b>Call me from your suit's radio if you need anything else.</b></color>",,,,,,,,,,,,,,,,
dialogue_0KqK44O,No I'm good.,,,,,,,,,,,,,,,,
dialogue_uiqGCuu,@w2 <color=#ff8800><b>Heya {PlayerName}. I believe you're here on official business? </b></color>\n@w2 <color=#ff8800><b>Let's step over here where we can speak quietly.</b></color>,,,,,,,,,,,,,,,,
dialogue_C8C6Yqa,"@w2 <color=#ababab>(The club manager seems distracted.)</color>\n@w2 <color=#ff8800><b>Oh, {PlayerName}, you're still here?</b></color>",,,,,,,,,,,,,,,,
dialogue_6KaauSi,Just leaving.,,,,,,,,,,,,,,,,
dialogue_CiaO0iG,Alright.,,,,,,,,,,,,,,,,
dialogue_uC8uK0G,@w2 <color=#ff8800><b>I'll make some calls to see where a brewing recipe might be acquired or coerced. Probably both actually. </b></color>\n@w2 <color=#ff8800><b>First I need you to take care of something for me. Are you ready?</b></color>,,,,,,,,,,,,,,,,
dialogue_C0W0iGW,@w2 <color=#ff8800><b>What else do you need to know?</b></color>,,,,,,,,,,,,,,,,
dialogue_m8CueWi,What do you need me to do?,,,,,,,,,,,,,,,,
dialogue_aeWMOQI,@w2 <color=#ff8800><b>The previous club manager really let things slide around here. </b></color>\n@w2 <color=#ff8800><b>The basement is a disaster. I need you to get down there and tidy things up a bit. </b></color>,,,,,,,,,,,,,,,,
dialogue_4uCeeCK,What's in the basement?,,,,,,,,,,,,,,,,
dialogue_K0W3CGO,"@w2 <color=#ff8800><b>Nothing you can't handle, I'm certain.</b></color>\n@w2 <color=#ff8800><b>Besides, it's an opportunity for you to prove your worthiness to me.</b></color>\n@w2 <color=#ff8800><b>Now get going, I need to call my informants to find a recipe.</b></color>",,,,,,,,,,,,,,,,
dialogue_G4882SG,So what about the brewing recipe?,,,,,,,,,,,,,,,,
dialogue_GSUmGKq,"@w2 <color=#ff8800><b>Yes, yes, but first how about you take care of the basement problem?</b></color>\n@w2 <color=#ff8800><b>Take the elevator down. The switch on the wall will provide you access. </b></color>",,,,,,,,,,,,,,,,
dialogue_YuiSsKm,Any payment for this errand?,,,,,,,,,,,,,,,,
dialogue_SO0S4uq,"@w2 <color=#ff8800><b>Tell you what. </b></color>\n@w2 <color=#ff8800><b>You can keep whatever you find in the basement. How's that.</b></color>\n@w2 <color=#ff8800><b>Plus, I'll locate us a recipe. I promise. Now are you ready to get to work? </b></color>",,,,,,,,,,,,,,,,
dialogue_C8qWuqe,<color=#ffffff>(OK. Help the Club Manager)</color>,,,,,,,,,,,,,,,,
dialogue_KWGSKm8,"@w2 <color=#ff8800><b>Smart choice, {PlayerName}.</b></color>\n@w2 <color=#ff8800><b>The switch on the wall will unlock the elevator. </b></color>\n@w2 <color=#ff8800><b>Let me know once you get the basement sorted.</b></color>",,,,,,,,,,,,,,,,
dialogue_Oi4OOa6,OK.,,,,,,,,,,,,,,,,
dialogue_qiAqkiS,OK.,,,,,,,,,,,,,,,,
dialogue_eKBSiuC,OK.,,,,,,,,,,,,,,,,
dialogue_qi8G8dm,OK.,,,,,,,,,,,,,,,,
dialogue_8UmCv08,How can I get VIP access to the club?,,,,,,,,,,,,,,,,
dialogue_ee0iuiE,"@w2 <color=#ababab>(The club manager looks you up and down)</color>\n@w2 <b><color=#ff8800>Hmm... </color></b><b><color=#ff8800></color></b>\n@w2 <b><color=#ff8800>Tell you what, {PlayerName}. I'll think about it.</color></b>",,,,,,,,,,,,,,,,
dialogue_SOYOSKe,@w2 <color=#ababab>(The club manager gives you a barely noticeable nod)</color>,,,,,,,,,,,,,,,,
dialogue_4W44eeQ,"OK, thanks.",,,,,,,,,,,,,,,,
dialogue_aS08qYK,ClubManager,,,,,,,,,,,,,,,,
dialogue_eQ0wc04,ClubManager,,,,,,,,,,,,,,,,
dialogue_24Ciioh,ClubManager,,,,,,,,,,,,,,,,
dialogue_GqWiWMS,ClubManager,,,,,,,,,,,,,,,,
dialogue_ikqSOGC,ClubManager,,,,,,,,,,,,,,,,
dialogue_GGFSY0N,ClubManager,,,,,,,,,,,,,,,,
dialogue_KeSuUGK,ClubManager,,,,,,,,,,,,,,,,
dialogue_q6Q88uq,ClubManager,,,,,,,,,,,,,,,,
dialogue_Om88qYc,ClubManager,,,,,,,,,,,,,,,,
dialogue_iU8eWWu,ClubManager,,,,,,,,,,,,,,,,
dialogue_4W4K5Oi,ClubManager,,,,,,,,,,,,,,,,
dialogue_iUaueuC,ClubManager,,,,,,,,,,,,,,,,
dialogue_Vaa4ZaS,ClubManager,,,,,,,,,,,,,,,,
dialogue_8aWOae4,Ulfric,,,,,,,,,,,,,,,,
dialogue_GiqCueU,Ulfric,,,,,,,,,,,,,,,,
dialogue_e0uEOWO,Ulfric,,,,,,,,,,,,,,,,
dialogue_feWSqK4,Ulfric,,,,,,,,,,,,,,,,
dialogue_4qeuKCm,Ulfric,,,,,,,,,,,,,,,,
dialogue_6W8G8qS,Ulfric,,,,,,,,,,,,,,,,
dialogue_OWOgi3q,Ulfric,,,,,,,,,,,,,,,,
dialogue_qqqmOSC,Ulfric,,,,,,,,,,,,,,,,
dialogue_eq8S0ma,Ulfric,,,,,,,,,,,,,,,,
dialogue_eqmO0Gu,Ulfric,,,,,,,,,,,,,,,,
dialogue_Ck0SaSW,OperationsManager,,,,,,,,,,,,,,,,
dialogue_OSmW0mS,OperationsManager,,,,,,,,,,,,,,,,
dialogue_KSWeG8u,OperationsManager,,,,,,,,,,,,,,,,
dialogue_S0OOKqq,OperationsManager,,,,,,,,,,,,,,,,
dialogue_mev884o,OperationsManager,,,,,,,,,,,,,,,,
dialogue_GYGKAUK,OperationsManager,,,,,,,,,,,,,,,,
dialogue_G430umS,OperationsManager,,,,,,,,,,,,,,,,
dialogue_t4Ouuqq,OperationsManager,,,,,,,,,,,,,,,,
dialogue_a4QGWaS,OperationsManager,,,,,,,,,,,,,,,,
dialogue_GaGGi8m,OperationsManager,,,,,,,,,,,,,,,,
dialogue_uXGuG7m,OperationsManager,,,,,,,,,,,,,,,,
dialogue_emSqm8G,OperationsManager,,,,,,,,,,,,,,,,
dialogue_CGWW0a8,HavenMail,,,,,,,,,,,,,,,,
dialogue_4SCuOcq,HavenMail,,,,,,,,,,,,,,,,
dialogue_KCmeW8i,ArcadiaVR,,,,,,,,,,,,,,,,
dialogue_4WqmOua,HavenMail,,,,,,,,,,,,,,,,
dialogue_F8q4Eii,HavenMail,,,,,,,,,,,,,,,,
dialogue_qmkWuqC,<b><color=#ffffff>1</color></b><color=#0ebeb2> new message - Subject: Promotion</color>,,,,,,,,,,,,,,,,
dialogue_uuV4R44,"<color=#0ebeb2><b>Message from Commander Bruce</b></color>\n<color=#ffffff>Subject: Promotion\n{PlayerName}, I've been keeping my eye on you, and I must say, I'm impressed. </color><color=#ffffff>Stop by and see me again on the HavenCorp Nihilus in Aethon Sector when you have a moment.\n-Bruce</color>",,,,,,,,,,,,,,,,
dialogue_aKa0IS4,HavenMail,,,,,,,,,,,,,,,,
dialogue_iqmGvCO,<color=#ffffff>Send reply:</color> 'On my way Bruce!',,,,,,,,,,,,,,,,
dialogue_KuGumqi,"<color=#00ffcc>::: HavenCorp Command Comms::: Job Completed</color>\nThanks for shutting down the criminal PirateNet filesharing and protecting HavenCorp intellectual property.\nEscrow funds of $25,000 transferring now.\n<color=#d1e916>(Accept Mission Payment $25,000)</color>",,,,,,,,,,,,,,,,
dialogue_GaKSGWs,"<color=#00ffcc>::: HavenCorp Command Comms::: Job Completed</color>\nThe Zirax should have known better than to get involved with common criminals. This will send a strong message to their leadership.\n<b>Payment method:</b> <color=#d1e916>Cash + Bonus Goods</color>\n<color=#d1e916>(Accept Mission Payment $15,000)</color>\n<color=#c2c2c2>(Bonus goods obtained from ship's equipment locker)</color>",,,,,,,,,,,,,,,,
dialogue_CSuWiWK,"<color=#ecf000>Thanks to you, evil Robotics Syndicate's BugTron manufacturing operations have been significantly set back. \nCongratulations on your successful completion of this ArcadiaVR </color><color=#ecf000><b>Shangri-La </b></color><color=#ecf000><b></b>sim.</color>\n<color=#ecf000><b>{PlayerName} leaderboard score updated. </b>Here are your ArcadiaVR bonus rewards.</color><color=#04ecdd></color>",,,,,,,,,,,,,,,,
dialogue_8qSeWie,"<color=#00ffcc>::: HavenCorp Command Comms::: Job Completed</color>\nThat was more challenging than anticipated. HavenCorp is issuing an additional one-time <color=#d1e916>$5,000</color> bonus for your troubles.\nThanks for your successful completion of the mission. Your engagement with HavenCorp is valued.\nEscrow funds of $45,000 + $5,000 bonus transferring now.\n<color=#d1e916>(Accept Mission Payment $50,000)</color>",,,,,,,,,,,,,,,,
dialogue_uWGSOC8,"<color=#00ffcc>::: HavenCorp Command Comms:::</color>\n<color=#ffffff>Job well done. It will take the criminals months to recover from this.</color>\n<color=#ffffff>Here is your payment per the agreed terms.</color>\n<color=#d1e916>(Accept Mission Payment - $25,000)</color>",,,,,,,,,,,,,,,,
dialogue_eG4qnC0,<color=#ff0000><b>Zirax Command</b></color>\n<color=#a30000><b>*Unencrypted Message*</b></color>\nWe've received your <i>PastyNote</i>™. Kinda' hard to read tbh.\nBut it looks..... interesting. We'll give it a try at our new Distillery location. \nClosing out the contract.\n<color=#ff0000>(Gain 30000 Rep)</color>,,,,,,,,,,,,,,,,
dialogue_m8CCSOK,ZiraxCommand,,,,,,,,,,,,,,,,
dialogue_uoEeGW4,<b><color=#ffffff>1 </color></b><color=#ff0000></color><color=#0ebeb2>new message - Subject: Stop by the Nihilus</color>,,,,,,,,,,,,,,,,
dialogue_imuaGS8,"<b><color=#0ebeb2>Message from Commander Bruce</color></b>\n<color=#ffffff>Subject: Hey, nice work you've been doing for HavenCorp trade partners. </color>\n<color=#ffffff>Seems you've been our most profitable operative yet. </color>\n<color=#ffffff>Stop by and see me on the Nihilus. </color><color=#ffffff>\n-Bruce</color>",,,,,,,,,,,,,,,,
dialogue_OWKm4OM,<color=#ffffff>Send reply:</color> 'I'll be right there!',,,,,,,,,,,,,,,,
dialogue_AuOiE88,<color=#ffffff>Confirm job?</color>,,,,,,,,,,,,,,,,
dialogue_CG8OiWa,<color=#ffffff>Confirm job?</color>,,,,,,,,,,,,,,,,
dialogue_mmUWGS0,HavenMail,,,,,,,,,,,,,,,,
dialogue_qMOu4wm,Arena GameMaster,,,,,,,,,,,,,,,,
dialogue_u0ue8Gu,Arena GameMaster,,,,,,,,,,,,,,,,
dialogue_qcC88qU,Arena GameMaster,,,,,,,,,,,,,,,,
dialogue_uSOOmWG,Arena GameMaster,,,,,,,,,,,,,,,,
dialogue_a6iuKKa,Arena GameMaster,,,,,,,,,,,,,,,,
dialogue_K4mOuWG,Where am I?,,,,,,,,,,,,,,,,
dialogue_mS4S0q4,What is this place?,,,,,,,,,,,,,,,,
dialogue_aGiiGG4,How do the games work?,,,,,,,,,,,,,,,,
dialogue_CKYqOWS,"Welcome my friend, to the finest games around. A truly remarkable creation by our great tribe of warriors.",,,,,,,,,,,,,,,,
dialogue_mSn4eea,Fresh meat for the games!,,,,,,,,,,,,,,,,
dialogue_SuCmxWG,"You are standing in our Talon Arena where the finest warriors may prove their might by besting the hordes below.\nAnd there's prizes too, for those who are victorious in battle. \nFor those who aren't, there's no shame in an honorable warrior's death.",,,,,,,,,,,,,,,,
dialogue_SCme0MS,"It's simple, you enroll in the games, I'll announce the match, then you head down to the Arena and battle the horde!",,,,,,,,,,,,,,,,
dialogue_GOWsqKG,You'll be back. I just know it.,,,,,,,,,,,,,,,,
dialogue_u4GmGWC,I see.,,,,,,,,,,,,,,,,
dialogue_aOuK0Ce,What else can I tell you?,,,,,,,,,,,,,,,,
dialogue_oe00Mee,Is there any entrance fee?,,,,,,,,,,,,,,,,
dialogue_wK8S4KO,"No fees for combatants, but spectators can place wagers on your success and kill count.",,,,,,,,,,,,,,,,
dialogue_eu40CGi,Hmm...,,,,,,,,,,,,,,,,
dialogue_00uuOiF,"<color=#ecf000>Thanks to you, Arcadia premium VR content is no longer being pirated.\nCongratulations on your successful completion of this ArcadiaVR </color><color=#ecf000><b>Shangri-La </b></color><color=#ecf000><b></b>sim.</color>\n<color=#ecf000><b>{PlayerName} leaderboard score updated. </b>Here are your ArcadiaVR bonus rewards.</color>",,,,,,,,,,,,,,,,
dialogue_0E4Cq8i,ArcadiaVR,,,,,,,,,,,,,,,,
dialogue_iSSGe4E,"<color=#ecf000>Thanks to you, the evil Robotics Syndicate's experiments have been thwarted. \nCongratulations on your successful completion of this ArcadiaVR </color><color=#ecf000><b>Shangri-La </b></color><color=#ecf000><b></b>sim.</color>\n<color=#ecf000><b>{PlayerName} leaderboard score updated. </b>Here are your ArcadiaVR bonus rewards.</color>",,,,,,,,,,,,,,,,
dialogue_uiKOaWu,Captain,,,,,,,,,,,,,,,,
dialogue_DOSWm4W,It's not good my friend.,,,,,,,,,,,,,,,,
dialogue_qKeuu0G,What's going on here?,,,,,,,,,,,,,,,,
dialogue_qOiCiqS,We've fished these waters for generations. Our tribe needs this food to survive.,,,,,,,,,,,,,,,,
dialogue_88ROGuG,"They told us not to fish here anymore.\nOur Chief protested, and now they've got him locked up inside.",,,,,,,,,,,,,,,,
dialogue_OUGO8K8,I see.,,,,,,,,,,,,,,,,
dialogue_o8uG6ei,OK.,,,,,,,,,,,,,,,,
dialogue_GKeeiqM,What is this place?,,,,,,,,,,,,,,,,
dialogue_iu0Kuei,"Some sort of robotics research facility from what I can tell. \nThere's a ladder to an entrance on the roof if you want to take a look around. \nIf you can find our chief, this Talon tribe will be eternally grateful.",,,,,,,,,,,,,,,,
dialogue_K40KO89,OK. I might take a look.,,,,,,,,,,,,,,,,
dialogue_S0qAaaq,(Leave),,,,,,,,,,,,,,,,
dialogue_88KK0Zu,Good luck to you.,,,,,,,,,,,,,,,,
dialogue_8aauS4a,Captain,,,,,,,,,,,,,,,,
dialogue_W8OCWCG,Captain,,,,,,,,,,,,,,,,
dialogue_88CSCi4,Captain,,,,,,,,,,,,,,,,
dialogue_ja4eqSG,Captain,,,,,,,,,,,,,,,,
dialogue_G8C08uG,Captain,,,,,,,,,,,,,,,,
dialogue_sKquWWW,Village Chief,,,,,,,,,,,,,,,,
dialogue_8GOilOa,Village Chief,,,,,,,,,,,,,,,,
dialogue_WqiS4GO,"Well met, friend. That's for taking care of all that for me. \nDid, by chance, you clear a path to the exit?",,,,,,,,,,,,,,,,
dialogue_K4O08SO,Are you okay?,,,,,,,,,,,,,,,,
dialogue_0m80OCi,Your captains are outside waiting for you.,,,,,,,,,,,,,,,,
dialogue_8q8ae4q,I am. \nI am ready to depart this unholy facility and return to my people.,,,,,,,,,,,,,,,,
dialogue_SK0KqD4,"Good. If you can take out the core, I'll make a run for it.",,,,,,,,,,,,,,,,
dialogue_iCOu83u,How do I do that?,,,,,,,,,,,,,,,,
dialogue_SUmu44W,There's surely a switch around here somewhere. Modern building codes require it.,,,,,,,,,,,,,,,,
dialogue_WWWKS2W,Got it.,,,,,,,,,,,,,,,,
dialogue_qeYK0u4,Good luck. I'll wait for you to take out the core.,,,,,,,,,,,,,,,,
dialogue_SaaKOCC,(Leave),,,,,,,,,,,,,,,,
dialogue_OuCGuK8,Village Chief,,,,,,,,,,,,,,,,
dialogue_WeuC20K,Village Chief,,,,,,,,,,,,,,,,
dialogue_emu0GaC,Village Chief,,,,,,,,,,,,,,,,
dialogue_4a0a8qW,Village Chief,,,,,,,,,,,,,,,,
dialogue_Ga8ue0K,ArcadiaVR,,,,,,,,,,,,,,,,
dialogue_IC0s4GC,<color=#ffffff>(View My Personnel File)</color>,,,,,,,,,,,,,,,,
dialogue_qOCuOKG,<color=#d9d9d9>::::{PlayerName} Leaderboard Achievements ::::</color>\n<color=#36f2dc>Aethon Sims Completed: </color><color=#07e421></color><color=#ffffff>{HC_Job_CompletedCount} </color>\n<color=#00ff88>Medusa Sims Completed: </color><color=#07e421></color><color=#ffffff>{HC_Medusa_CompletedCount}</color><color=#ffffff></color>\n<color=#fbff29>Shangri-La Sims Completed: </color><color=#0ebeb2></color><color=#ffffff>{HC_FactionMission_CompletedCount}</color>\n<color=#c600e0>Nyxara Sims Completed:</color><color=#ffffff> {HC_HavenVR_Completed}</color>,,,,,,,,,,,,,,,,
dialogue_UOWuGiI,"How's the day, friend? Stop by to browse?",,,,,,,,,,,,,,,,
dialogue_C2EQSqi,Good to see you. Let me know if I can help with anything.,,,,,,,,,,,,,,,,
dialogue_mO00mCO,Welcome in. Anything catch your eye today?,,,,,,,,,,,,,,,,
dialogue_E8MS0iS,Step right in! Looking for something special today?,,,,,,,,,,,,,,,,
dialogue_mSa4Km0,What's the word? Heard anything interesting?,,,,,,,,,,,,,,,,
dialogue_0O8qCW0,I'm here to trade.,,,,,,,,,,,,,,,,
dialogue_iSKamuW,Criminals have been setting up shop on the moons around here. It's always something.,,,,,,,,,,,,,,,,
dialogue_OSbGqWS,Cache keys are rare finds. Hang onto those.,,,,,,,,,,,,,,,,
dialogue_SGS2SWO,"Between the Traders, Polaris, and Arcadia, I can't tell who's screwing who anymore.",,,,,,,,,,,,,,,,
dialogue_mauKSa0,I overheard some Pirates talking about using hacking software to extract Galactic Credits from some systems. Too smart for me.,,,,,,,,,,,,,,,,
dialogue_waaGaC4,My PirateNet subscription has been working better since they've added new data centers.,,,,,,,,,,,,,,,,
dialogue_uaaOWmq,Everything okay?,,,,,,,,,,,,,,,,
dialogue_eeiG4uq,<color=#0ebeb2>All Clear. Make a run for it.</color>,,,,,,,,,,,,,,,,
dialogue_8444emi,"I'm still doing well, thanks, ready to get the heck out of here. \nNow that the power is out, I assume it's all clear for me to make a run for it?",,,,,,,,,,,,,,,,
dialogue_08ab8SC,"Alright, I'll get headed out. Thanks for your help, {PlayerName}.\nYou can tell Arcadia VR Engineers I'll be calling them as soon as I'm back on the station.",,,,,,,,,,,,,,,,
dialogue_iGYa0G4,Thanks for coming again. Reliability is a rare trait {PlayerName}.,,,,,,,,,,,,,,,,
dialogue_qmimGGK,"<color=#ecf000>Thanks to you, our VIP is safely back on Arcadia Station.\nCongratulations on your successful completion of this ArcadiaVR </color><color=#ecf000><b>Shangri-La </b></color><color=#ecf000><b></b>sim.</color>\n<color=#ecf000><b>{PlayerName} leaderboard score updated. </b>Here are your ArcadiaVR bonus rewards.</color>",,,,,,,,,,,,,,,,
dialogue_SCeqWWa,"<color=#00ffcc>::: HavenCorp Command Comms:::</color>\n<color=#ffffff>Thanks for enforcing the early check-out policy.</color>\n<color=#ffffff>Here is your payment per the contracted terms.</color>\n<color=#d1e916>(Accept Mission Payment - $25,000)</color>",,,,,,,,,,,,,,,,
dialogue_me4q8Tu,"Welcome {PlayerName}, to the premier VR experience: <color=#ff8800><i>ArcadiaVR!</i></color>",,,,,,,,,,,,,,,,
dialogue_0iWGmmm,ArcadiaVR,,,,,,,,,,,,,,,,
dialogue_maGmaGG,ArcadiaVR,,,,,,,,,,,,,,,,
dialogue_eWbWGe0,<color=#ff8800><b>--ArcadiaVR Main Menu--</b></color>,,,,,,,,,,,,,,,,
dialogue_GuWS4G0,What is ArcadiaVR?,,,,,,,,,,,,,,,,
dialogue_S0SinC0,How do I play?,,,,,,,,,,,,,,,,
dialogue_WKjcuOm,Are there any other VR Arcades?,,,,,,,,,,,,,,,,
dialogue_qmuWaem,<color=#ff8800>[ VR Planets Menu ]</color>,,,,,,,,,,,,,,,,
dialogue_q8eCemc,(return to main menu),,,,,,,,,,,,,,,,
dialogue_umOWq8i,(return to main menu),,,,,,,,,,,,,,,,
dialogue_8i4Kuqq,<color=#ff0000>Logging off...</color> We hope you enjoy your ArcadiaVR experience!,,,,,,,,,,,,,,,,
dialogue_CISuGi4,ArcadiaVR is the finest virtual reality simulation arcade in the galaxy.\nWe offer experiences that can't be had anywhere else!,,,,,,,,,,,,,,,,
dialogue_0qGC4Ma,Activate ArcadiaVR missions via your PDA (F1).\n<color=#ffffff>Activate missions prior to entering the VR portal.</color>,,,,,,,,,,,,,,,,
dialogue_i44Wq0E,ArcadiaVR arcade is located at Arcadia Station.\nOther stations in the area may operate other VR portals independently.,,,,,,,,,,,,,,,,
dialogue_SqCWG0O,(return to main menu),,,,,,,,,,,,,,,,
dialogue_Gm8KmWO,ArcadiaVR,,,,,,,,,,,,,,,,
dialogue_4OKW8Ka,ArcadiaVR,,,,,,,,,,,,,,,,
dialogue_uWWeOSa,ArcadiaVR,,,,,,,,,,,,,,,,
dialogue_aSCC0uK,ArcadiaVR,,,,,,,,,,,,,,,,
dialogue_Ka5O44K,ArcadiaVR,,,,,,,,,,,,,,,,
dialogue_uPWq4mW,ArcadiaVR,,,,,,,,,,,,,,,,
dialogue_0S4qeWi,ArcadiaVR,,,,,,,,,,,,,,,,
dialogue_4aOOOmK,ArcadiaVR,,,,,,,,,,,,,,,,
dialogue_SmW4ZSO,ArcadiaVR,,,,,,,,,,,,,,,,
dialogue_SGSGO0i,ArcadiaVR,,,,,,,,,,,,,,,,
dialogue_88CKuuW,ArcadiaVR,,,,,,,,,,,,,,,,
dialogue_SQmSm0q,ArcadiaVR,,,,,,,,,,,,,,,,
dialogue_mSCu84u,ArcadiaVR,,,,,,,,,,,,,,,,
dialogue_4iWew0m,<color=#dd08d6>Congratulations on the successful completion of this <b>Ultra</b> difficulty ArcadiaVR sim.\n<b>{PlayerName} leaderboard score updated.</b> Here are your bonus rewards.</color>,,,,,,,,,,,,,,,,
dialogue_QoGWO1A,<color=#dd08d6>Congratulations on the successful completion of this </color><b><color=#dd08d6>Ultra</color></b><color=#dd08d6> difficulty ArcadiaVR sim.</color>\n<b><color=#dd08d6>{PlayerName} leaderboard score updated.</color></b><color=#dd08d6> Here are your bonus rewards.</color>,,,,,,,,,,,,,,,,
dialogue_u4amKK4,<color=#04ecdd>Good job cleaning up that virtual mess and congratulations on your successful completion of this ArcadiaVR sim.\n<b>{PlayerName} leaderboard score updated.</b> Here are your ArcadiaVR bonus rewards.</color>,,,,,,,,,,,,,,,,
dialogue_OuC04CK,<color=#04ecdd>Great job successfully locating the expedition team and getting their project on track.</color>\n<color=#04ecdd>Congratulations on your successful completion of this ArcadiaVR sim.</color><color=#04ecdd>\n<b>{PlayerName} leaderboard score updated.</b> Here are your ArcadiaVR bonus rewards.</color>,,,,,,,,,,,,,,,,
dialogue_G8O6OGS,<color=#04ecdd>Excellent performance eliminating the evil Robotics Syndicate.</color>\n<color=#04ecdd>Congratulations on your successful completion of this ArcadiaVR sim.</color>\n<color=#04ecdd></color><b><color=#04ecdd>{PlayerName} leaderboard score updated.</color></b><color=#04ecdd> Here are your ArcadiaVR bonus rewards.</color><color=#04ecdd></color>,,,,,,,,,,,,,,,,
dialogue_uO84GYW,<color=#04ecdd>You've successfully brought the raptor replicators offline and save the day. </color>\n<color=#04ecdd>Congratulations on your successful completion of this ArcadiaVR sim.</color>\n<color=#04ecdd></color><b><color=#04ecdd>{PlayerName} leaderboard score updated. </color></b><color=#04ecdd>Here are your ArcadiaVR bonus rewards.</color><color=#04ecdd></color>,,,,,,,,,,,,,,,,
dialogue_WSQPvGa,<color=#04ecdd>You successfully navigate the VR mission's challenge parameters and achieve victory with some impressive metrics.</color>\n<color=#04ecdd>Congratulations on your successful completion of this ArcadiaVR sim.</color>\n<color=#04ecdd></color><b><color=#04ecdd>{PlayerName} leaderboard score updated. </color></b><color=#04ecdd>Here are your ArcadiaVR bonus rewards.</color><color=#04ecdd></color>,,,,,,,,,,,,,,,,
dialogue_m4JuQCC,<color=#04ecdd>You slip and slide your way through the challenges to emerge victorious with some impressive loot to boot.</color>\n<b><color=#04ecdd>{PlayerName} leaderboard score updated. </color></b><color=#04ecdd>Here are your additional ArcadiaVR bonus rewards for the successful completion of this sim.</color>,,,,,,,,,,,,,,,,
dialogue_umu0juG,<color=#04ecdd>You successfully shut down Robotics Syndicate scientists' evil experiments.</color>\n<b><color=#04ecdd>{PlayerName} leaderboard score updated. </color></b><color=#04ecdd>Here are your additional ArcadiaVR bonus rewards for the successful completion of this sim.</color><color=#04ecdd></color>,,,,,,,,,,,,,,,,
dialogue_qOWm4i4,<color=#ff0000><b>Spam:</b></color> <color=#9da805><i>Boost HavenMail Jobs by 5</i></color>,,,,,,,,,,,,,,,,
dialogue_iAWau4m,<color=#07e421><b>Overclock:</b></color> <i><color=#9da805>Boost Faction Missions by 5</color></i>,,,,,,,,,,,,,,,,
dialogue_ea8a9e4,<b><color=#007bff>Fortify:</color> </b><i><color=#9da805>Boost HavenVR Missions by 5</color></i>,,,,,,,,,,,,,,,,
dialogue_eqaiO8W,@w3 <color=#ff0000>Spamming the system... </color>\n@w4 <color=#ff0000>Er2YCfh   JqZjs5eaPupnKc   x6zBg9RA87DLmX3HTvd   7hQM   yVk   bwG... </color>\n@w2 <color=#ff0000>[The spam software completes without errors] </color>\n@w2 <color=#ffffff>rebooting...</color><color=#ff0000></color>,,,,,,,,,,,,,,,,
dialogue_1GGAmuu,@w3 <color=#07e421>Overclocking the system... </color>\n@w4 <color=#07e421>Hr2Y8fh   1qZjs5eaHupnK5   p6zBg9RA87DLmX3HTv9   4UQx   y9k   3w4... </color>\n@w2 <color=#07e421>[The overclock software completes without errors] </color>\n@w2 <color=#ffffff>rebooting...</color><color=#07e421></color>,,,,,,,,,,,,,,,,
dialogue_Caq4GIC,@w3 <color=#007bff>Fortifying the system... </color>\n@w4 <color=#007bff>vr2Ywfh   5qZjsrFaHu4io7   4hjKg9RA99xLmX4hTv9   9gJ7   33g   6h2... </color>\n@w2 <color=#007bff>[The fortify software completes without errors] </color>\n@w2 <color=#ffffff>rebooting...</color><color=#007bff></color>,,,,,,,,,,,,,,,,
dialogue_ev4K4mO,Howdy,,,,,,,,,,,,,,,,
dialogue_Ubi20gK,See ya (Leave),,,,,,,,,,,,,,,,
dialogue_KuO0m0W,Arcadia CEO,,,,,,,,,,,,,,,,
dialogue_I40iE4O,Arcadia CEO,,,,,,,,,,,,,,,,
dialogue_umWiOSS,Arcadia CEO,,,,,,,,,,,,,,,,
dialogue_8USKU44,Arcadia CEO,,,,,,,,,,,,,,,,
dialogue_CKG0aqm,"Well, howdy {PlayerName}. What brings you by?",,,,,,,,,,,,,,,,
dialogue_wSSEuSY,Well met friend. Are you here to discuss HavenCorp business?,,,,,,,,,,,,,,,,
dialogue_O6WmCiC,"Take it easy, {PlayerName}.",,,,,,,,,,,,,,,,
dialogue_COWCKm0,Nothing (Leave),,,,,,,,,,,,,,,,
dialogue_mKumC4a,---Main Menu---,,,,,,,,,,,,,,,,
dialogue_4qO0R8u,Log Off (Disconnect),,,,,,,,,,,,,,,,
dialogue_SOKciOe,Arcadia CEO Terminal,,,,,,,,,,,,,,,,
dialogue_SCCGmOW,"<color=#0ebeb2><b>Message from Commander Bruce</b></color>\n<color=#ffffff>Subject: You're moving up in the world!\n{PlayerName}, I can't promote you any higher in rank, but word is the HavenCorp CEO wants to meet you.</color>\n<color=#ffffff>Stop by his place on Adelevine and speak with him. Good luck!\n-Bruce</color>",,,,,,,,,,,,,,,,
dialogue_q8uuC4g,<color=#ffffff>Send reply:</color> 'I'll stop by his place soon!',,,,,,,,,,,,,,,,
dialogue_KnH2mIu,<color=#9da805><b>Priority Message</b></color><color=#0ebeb2> - Subject: </color><color=#007bff>CEO wants to meet you.</color>,,,,,,,,,,,,,,,,
dialogue_m0qeiAe,HavenMail,,,,,,,,,,,,,,,,
dialogue_oSuiamG,ArcadiaVR,,,,,,,,,,,,,,,,
dialogue_GGO0Sqa,HavenMail,,,,,,,,,,,,,,,,
dialogue_ma0qWs0,HavenMail,,,,,,,,,,,,,,,,
dialogue_GSW0SOC,HavenMail,,,,,,,,,,,,,,,,
dialogue_0KuYSKa,HavenMail,,,,,,,,,,,,,,,,
dialogue_0iEK4U4,ArcadiaVR,,,,,,,,,,,,,,,,
dialogue_SGKE8e4,<color=#ff0000>Attempt System Breach (Use 1 Spam Software)</color>,,,,,,,,,,,,,,,,
dialogue_qSWWniu,HavenMail,,,,,,,,,,,,,,,,
dialogue_emeWqWi,HavenMail,,,,,,,,,,,,,,,,
dialogue_m8KaSPe,HavenMail,,,,,,,,,,,,,,,,
dialogue_8IiqerG,HavenMail,,,,,,,,,,,,,,,,
dialogue_2WCKWO0,HavenMail,,,,,,,,,,,,,,,,
dialogue_uOqo8WG,HavenMail,,,,,,,,,,,,,,,,
dialogue_OSCSCWC,<color=#d9d9d9>::::{PlayerName} has not enrolled ::::</color>\n<color=#ababab>You must become an agent of HavenCorp before you can receive promotions</color>,,,,,,,,,,,,,,,,
dialogue_TKSCa8i,<color=#d9d9d9>::::{PlayerName} - Agent ::::</color>\n<u><color=#0ebeb2>Operative Rank Criteria: </color></u>\n<color=#ffffff>--Complete 5 HavenMail jobs. </color>,,,,,,,,,,,,,,,,
dialogue_uuoWqWu,<color=#d9d9d9>::::{PlayerName} - Operative ::::</color>\n<u><color=#0ebeb2>Lieutenant Rank Criteria:</color></u>\n<color=#ffffff>--Complete 10 HavenMail jobs. </color>\n<color=#ffffff>--Complete 5 Faction Missions. </color><color=#ababab></color>,,,,,,,,,,,,,,,,
dialogue_eK88O0a,<color=#d9d9d9>::::{PlayerName} - Lieutenant ::::</color>\n<u><color=#0ebeb2>Captain Rank Criteria:</color></u>\n<color=#ffffff>--Complete 20 HavenMail jobs. </color>\n<color=#ffffff>--Complete 10 Faction Missions. </color>\n<color=#ffffff>--Complete 5 HavenVR Sims. </color><color=#ffffff></color>,,,,,,,,,,,,,,,,
dialogue_0Ki8S86,<color=#d9d9d9>::::{PlayerName} - Captain ::::</color>\n<u><color=#0ebeb2>Next Rank Criteria:</color></u>\n<color=#ffffff>--Complete 100 HavenMail jobs. </color>\n<color=#ffffff>--Complete 100 Faction Missions. </color>\n<color=#ffffff>--Complete 100 HavenVR Sims. </color>,,,,,,,,,,,,,,,,
dialogue_0omeOem,(Go Back),,,,,,,,,,,,,,,,
dialogue_C0040ai,(Go Back),,,,,,,,,,,,,,,,
dialogue_WuKuCOC,(Go Back),,,,,,,,,,,,,,,,
dialogue_uCHuUKG,(Go Back),,,,,,,,,,,,,,,,
dialogue_08oimDu,(Go Back),,,,,,,,,,,,,,,,
dialogue_0WiWsFW,You wanted to see me?,,,,,,,,,,,,,,,,
dialogue_u4OKaO4,Arcadia CEO,,,,,,,,,,,,,,,,
dialogue_OS8qSmW,@w4 That's right...\n@w4 So you're the one everyone is talking about. \n@w4 {PlayerName}.,,,,,,,,,,,,,,,,
dialogue_0KkWmaG,That's me.,,,,,,,,,,,,,,,,
dialogue_SGW4S8u,Arcadia CEO,,,,,,,,,,,,,,,,
dialogue_OSKkGSe,"@w4 Well it's nice to get a chance to know you a little better {PlayerName}.\n@w3 HavenCorp certainly appreciates effective middle managers {PlayerName}, but with you I see so much more potential.",,,,,,,,,,,,,,,,
dialogue_4u8m8uq,Go on.,,,,,,,,,,,,,,,,
dialogue_CiaAieG,"@w3 Right, we'll I'll just come out with it then, {PlayerName}.\n@w2 Your results speak for themselves, although personally I have completed over 100 HavenVR sims, so you have a ways to go yet to beat me on the leaderboards. \n@w2 I have a job for you {PlayerName}.",,,,,,,,,,,,,,,,
dialogue_Oue9Q0O,What's the job?,,,,,,,,,,,,,,,,
dialogue_4uaSu08,"@w3 Well let's just say, that little promotion you were hoping for?\n@w2 I can make that happen for you.\n@w2 So let's talk about your continued ascent at HavenCorp {PlayerName}.",,,,,,,,,,,,,,,,
dialogue_eH4mKeq,Arcadia CEO,,,,,,,,,,,,,,,,
dialogue_OeCeEK8,Arcadia CEO,,,,,,,,,,,,,,,,
dialogue_WwG88a8,Arcadia CEO,,,,,,,,,,,,,,,,
dialogue_aKOO48q,Arcadia CEO,,,,,,,,,,,,,,,,
dialogue_u0m8mS8,Arcadia CEO,,,,,,,,,,,,,,,,
dialogue_CStua4O,Arcadia CEO,,,,,,,,,,,,,,,,
dialogue_OuuS8Km,"So, what's the job?",,,,,,,,,,,,,,,,
dialogue_CCKWWGe,What's in it for me?,,,,,,,,,,,,,,,,
dialogue_aiS8eiB,OK I'm in. (Accept Job),,,,,,,,,,,,,,,,
dialogue_Suqu08c,@w3 Scumbag criminals. Gold smugglers...\n@w2 Making off with HavenCorp property. A sizable haul of gold. \n@w2 My assistant's assistant spent weeks faxing all of the necessary paperwork to the galactic council to <i>legally </i>acquire the haul from the Abandoned Pyramid.,,,,,,,,,,,,,,,,
dialogue_4GabUaq,"@w2 If you take care of this and bring me the gold haul, then you're a Captain, pure and simple. \n@w2 I'll make it happen for you {PlayerName}. \n@w2 Your career profile shows you've already met the other requirements for promotion.",,,,,,,,,,,,,,,,
dialogue_9cmsGmN,@w2 Smart choice. Here.\n@w2 <color=#ffffff>(He tosses you a PDA) </color>\n@w2 I'll ping you on comms if I need you. \n@w2 Head to the Abandoned Pyramid. Take out any Smugglers you encounter.,,,,,,,,,,,,,,,,
dialogue_reOW408,I took care of the looters,,,,,,,,,,,,,,,,
dialogue_mqdKCOm,"So you say {PlayerName}, but no gold coins to show for your efforts?",,,,,,,,,,,,,,,,
dialogue_aSC0KCi,"Excellent {PlayerName}, and I see you've got the gold coins to prove it!",,,,,,,,,,,,,,,,
dialogue_CuOKOmi,Be right back. (Leave to get the gold coins),,,,,,,,,,,,,,,,
dialogue_OGS8iGu,Stop back when you have the gold {PlayerName}.,,,,,,,,,,,,,,,,
dialogue_mmumWWw,Yep. (Give him 1000 gold coins),,,,,,,,,,,,,,,,
dialogue_m00aqSC,"I really appreciate it {PlayerName}. \nPer our arrangement, I'll transmit the fax to HR now to get your promotion squared away. \nNow that you're a Captain of HavenCorp, I'm sure we'll be seeing a lot more of each other {PlayerName}.",,,,,,,,,,,,,,,,
dialogue_iu8K0OO,Login to HavenMail,,,,,,,,,,,,,,,,
dialogue_CiGWaOG,Arcadia CEO,,,,,,,,,,,,,,,,
dialogue_iuuOqui,Arcadia CEO,,,,,,,,,,,,,,,,
dialogue_Oukm8qa,Arcadia CEO,,,,,,,,,,,,,,,,
dialogue_VKGGSiO,Arcadia CEO,,,,,,,,,,,,,,,,
dialogue_aSQWqWO,HavenMail,,,,,,,,,,,,,,,,
dialogue_pKOuGOK,"<color=#00ffcc>::: HavenCorp Command Comms:::</color>\n<color=#ffffff>Thanks for rescuing our VIP. </color>\n<color=#ffffff>Here is your payment per the contracted terms.</color>\n<color=#d1e916>(Accept Mission Payment - $50,000)</color>",,,,,,,,,,,,,,,,
dialogue_0aaC60q,Arcadia CEO,,,,,,,,,,,,,,,,
dialogue_GuSKOi8,Arcadia CEO,,,,,,,,,,,,,,,,
dialogue_mmCeiua,Arcadia CEO,,,,,,,,,,,,,,,,
dialogue_8eaqGGG,Arcadia CEO,,,,,,,,,,,,,,,,
dialogue_W0440Wq,Thanks for coming.,,,,,,,,,,,,,,,,
dialogue_AV4uGKi,Everything okay?,,,,,,,,,,,,,,,,
dialogue_Ge3mlmS,<color=#0ebeb2>All Clear. Make a run for it.</color>,,,,,,,,,,,,,,,,
dialogue_ueFuGG4,"Alright, I'll head out shortly. Thanks, {PlayerName}. Nice work, by the way. \nTell the Arcadia VR Engineers I'll call them once I'm back on station.",,,,,,,,,,,,,,,,
dialogue_GmWeWim,"I'm alright, thanks. \nIs it clear? I need to make a run for it.",,,,,,,,,,,,,,,,
dialogue_ui0uiaq,I'll be right back. (Leave),,,,,,,,,,,,,,,,
dialogue_O8ua08a,Arcadia Trader,,,,,,,,,,,,,,,,
dialogue_WKumqmW,<color=#ffffff>(Log out)</color>,,,,,,,,,,,,,,,,
dialogue_C4SKlm0,<color=#ff8800>[ My Gamer Profile ]</color>,,,,,,,,,,,,,,,,
dialogue_GGGKOCW,<b><color=#ff8800>--VR Planets Menu--</color></b>,,,,,,,,,,,,,,,,
dialogue_mqOqY0K,<color=#04ecdd>VR Planet Aethon</color>,,,,,,,,,,,,,,,,
dialogue_qMXMumG,"Planet Aethon is a habitable Icy Planet with abundant native wildlife and rich gold deposits. \nIt boasts a brisk but pleasant breathable atmosphere. \nFactions on the planet include Talon, Polaris, Traders, Colonists, and Pirates.",,,,,,,,,,,,,,,,
dialogue_SumuaKS,"Planet Shangri-La is a habitable Terraforming Desert planet with abundant shallow lakes of red water with limited flora.\nThe surface is baking in the sun, but manageable. Portable oxygen is recommended. \nFactions on the planet include The Legacy, Pirates, and Zirax.",,,,,,,,,,,,,,,,
dialogue_DGKmSmW,"Planet Nyxara is a dark rogue planet that never sees the light of day. \nCold and abandoned in complete darkness for millions of years, this planet is punishing and unforgiving. \nFactions on the planet include The Legacy and The Syndicate.",,,,,,,,,,,,,,,,
dialogue_8amKqS6,Go Back,,,,,,,,,,,,,,,,
dialogue_0oC4uCG,Go Back,,,,,,,,,,,,,,,,
dialogue_aI4eaK0,Go Back,,,,,,,,,,,,,,,,
dialogue_m0m8e8q,ArcadiaVR,,,,,,,,,,,,,,,,
dialogue_iSOKOS0,ArcadiaVR,,,,,,,,,,,,,,,,
dialogue_5a4uaue,ArcadiaVR,,,,,,,,,,,,,,,,
dialogue_mrGaSeC,ArcadiaVR,,,,,,,,,,,,,,,,
dialogue_WWumW40,(leave),,,,,,,,,,,,,,,,
dialogue_aWmu84G,(leave),,,,,,,,,,,,,,,,
dialogue_iiKreIe,(leave),,,,,,,,,,,,,,,,
dialogue_ikOEGOE,(leave),,,,,,,,,,,,,,,,
dialogue_5eWSKam,(leave),,,,,,,,,,,,,,,,
dialogue_aiWQaKm,"Are you in it to win it, {PlayerName}? I am..",,,,,,,,,,,,,,,,
dialogue_Wma4i0e,I'm looking for new cards for my collection. Love the selection here.,,,,,,,,,,,,,,,,
dialogue_WWCm4oK,"The robotics enemy sims are my favorite. Just, boom boom boom racking up confirmed kills.",,,,,,,,,,,,,,,,
dialogue_a0CWm0Q,"I love the Cache, but I always forget how gnarly it can be there.",,,,,,,,,,,,,,,,
dialogue_8SWKOum,"I'm going to be on the top of the leaderboards, catch me if you can!",,,,,,,,,,,,,,,,
dialogue_gqimu2W,(leave),,,,,,,,,,,,,,,,
dialogue_au2Simu,(leave),,,,,,,,,,,,,,,,
dialogue_MGeDi00,(leave),,,,,,,,,,,,,,,,
dialogue_uuu8eiO,"I just need a little more black ice to keep me going, ya know?",,,,,,,,,,,,,,,,
dialogue_uuaCeCi,I'm wiped out from a day losing in the sims. I need to grab a bite and some sleep.,,,,,,,,,,,,,,,,
dialogue_0CtCqGG,ArcadiaVR engineers are adding some new sims soon. Can't wait!,,,,,,,,,,,,,,,,
dialogue_WK0C8CK,The Cache has some really good hardware in stock right now. It's good times.,,,,,,,,,,,,,,,,
dialogue_UKSm7eG,I need to take a break here soon and run over to FreshMart to snag a quick bite. Great food.,,,,,,,,,,,,,,,,
dialogue_u88mXWq,The leaderboards are getting competitive. Some players are climbing the ladder suspiciously fast. There's no way they could have played that many times so quickly..,,,,,,,,,,,,,,,,
dialogue_gYCOKa4,<color=#ecf000>You successfully relieve the pirates of a sizable gold haul and squash a few bugs in the process.\nCongratulations on your successful completion of this ArcadiaVR <b>Shangri-La </b>sim.\n<b>{PlayerName} leaderboard score updated. </b>Here are your ArcadiaVR bonus rewards.</color>,,,,,,,,,,,,,,,,
dialogue_Ke0OKau,ArcadiaVR,,,,,,,,,,,,,,,,
dialogue_aG4MqCK,ArcadiaVR,,,,,,,,,,,,,,,,
dialogue_qqqSiaG,Heard anything interesting lately?,,,,,,,,,,,,,,,,
dialogue_iMGECaO,<color=#ffffff>I'm here to trade</color>,,,,,,,,,,,,,,,,
dialogue_Gq4NCqe,S9B Vendor,,,,,,,,,,,,,,,,
dialogue_GuCu8Uu,S9B Vendor,,,,,,,,,,,,,,,,
dialogue_4Oa8Wi4,S9B Vendor,,,,,,,,,,,,,,,,
dialogue_aaOiC1M,S9B Vendor,,,,,,,,,,,,,,,,
dialogue_OSuGiaE,S9B Vendor,,,,,,,,,,,,,,,,
dialogue_rOSKKaW,S9B Vendor,,,,,,,,,,,,,,,,
dialogue_SmOGGqe,S9B Vendor,,,,,,,,,,,,,,,,
dialogue_SWKKS4q,S9B Vendor,,,,,,,,,,,,,,,,
dialogue_W0ieR8K,S9B Vendor,,,,,,,,,,,,,,,,
dialogue_qaKC8aK,S9B Vendor,,,,,,,,,,,,,,,,
dialogue_mum4iJ4,S9B Vendor,,,,,,,,,,,,,,,,
dialogue_O9emGou,S9B Vendor,,,,,,,,,,,,,,,,
dialogue_OK44KW8,S9B Vendor,,,,,,,,,,,,,,,,
dialogue_OmGaM80,Welcome in traveler. What brings you to S9B today?,,,,,,,,,,,,,,,,
dialogue_uOeGlCn,Here to do some smelting today?,,,,,,,,,,,,,,,,
dialogue_KG2C4eK,Are you headed to Arcadia Station to play some sims?,,,,,,,,,,,,,,,,
dialogue_Mq4has4,"Good ores, great smelting. Welcome to S9B.",,,,,,,,,,,,,,,,
dialogue_GmKKmJC,Arcadia leaderboards get hacked but then the players end up getting banned.,,,,,,,,,,,,,,,,
dialogue_qCeCiui,A lot of gold getting smelted thanks to our very own S9B VR sim. Have you checked it out yet?,,,,,,,,,,,,,,,,
dialogue_04mm8Wu,"Another day, another galactic credit, my friend. Just another day at S9B station.",,,,,,,,,,,,,,,,
dialogue_2CqKWSY,I heard some Pirates lost most of their crew plundering gold at an abandoned pyramid.,,,,,,,,,,,,,,,,
dialogue_8aWmIu8,Entry Level Staff,,,,,,,,,,,,,,,,
dialogue_WuY54qG,Entry Level Staff,,,,,,,,,,,,,,,,
dialogue_i4O4wii,Entry Level Staff,,,,,,,,,,,,,,,,
dialogue_OGsE8ii,Entry Level Staff,,,,,,,,,,,,,,,,
dialogue_0GggmG4,Entry Level Staff,,,,,,,,,,,,,,,,
dialogue_qKm4K0W,<color=#969696>(he's on a call)</color>,,,,,,,,,,,,,,,,
dialogue_sqCWC0O,<color=#969696>(the staff is distracted playing with their PDA)</color>,,,,,,,,,,,,,,,,
dialogue_uiFKWCS,"Uh, it'll be just a moment.\n<color=#969696>(after a few moments being distracted by his PDA)</color>\nUh yeah can I take your order? Welcome to the uh, Parasaur Grill.<color=#969696></color>",,,,,,,,,,,,,,,,
dialogue_4W8OaK4,Hello?,,,,,,,,,,,,,,,,
dialogue_0qaK04q,"<color=#969696>(he takes another moment before acknowledging you)</color>\nUh, yeah Hi. <color=#969696></color>Welcome to the 127th best steakhouse in the tri-sector area.",,,,,,,,,,,,,,,,
dialogue_CPgaKG4,(wait patiently),,,,,,,,,,,,,,,,
dialogue_8KKq4am,(try to make eye contact),,,,,,,,,,,,,,,,
dialogue_eaiuEeS,<color=#969696>(he's still listening to whoever's on the other end of the call)</color>,,,,,,,,,,,,,,,,
dialogue_WiWeSu4,<color=#969696>(he sees you and gestures 1 minute)</color>,,,,,,,,,,,,,,,,
dialogue_Wi8uCmu,"<color=#969696>(he's trying to wrap it up) </color>Yeah, Ma, yeah.. Yes. \nOk, Ma I gotta go, we got a customer. Ok Ma. Yes. Ok Bye.\n<color=#969696>(he finally finishes his call)</color>\nSorry about that. What can I get you?",,,,,,,,,,,,,,,,
dialogue_OeiG0eW,(continue waiting),,,,,,,,,,,,,,,,
dialogue_K48GeaR,Entry Level Staff,,,,,,,,,,,,,,,,
dialogue_qm8aKmG,Entry Level Staff,,,,,,,,,,,,,,,,
dialogue_CjSOumm,Entry Level Staff,,,,,,,,,,,,,,,,
dialogue_uSciWbu,Entry Level Staff,,,,,,,,,,,,,,,,
dialogue_uWKeCe4,Let me see the menu.,,,,,,,,,,,,,,,,
dialogue_8aS8WqS,Not interested. (Bye),,,,,,,,,,,,,,,,
dialogue_84K08G0,Entry Level Staff,,,,,,,,,,,,,,,,
dialogue_40WGgSG,Entry Level Staff,,,,,,,,,,,,,,,,
dialogue_SS0iieO,"Dan, we got an order up. Get it to the window fast!",,,,,,,,,,,,,,,,
dialogue_euS0u4B,Stew,,,,,,,,,,,,,,,,
dialogue_EKOOq4I,Dan,,,,,,,,,,,,,,,,
dialogue_8GK080G,"Stew, you're not my boss, stop ordering me around.",,,,,,,,,,,,,,,,
dialogue_CaSgCUe,(leave),,,,,,,,,,,,,,,,
dialogue_0Ce4iq0,(leave),,,,,,,,,,,,,,,,
dialogue_80GueOm,Goodbye (Leave),,,,,,,,,,,,,,,,
dialogue_OCCGu0i,<color=#ffffff>Enroll in the games</color>,,,,,,,,,,,,,,,,
dialogue_OqGemG8,"<color=#969696>(The GameMaster announces your match)</color>\nHear me, honored clans of the Talon, and all who have gathered beneath the roaring sky! The drums have spoken, the gates stand ready, and the sands of the Arena thirst for battle! Before you stands a challenger—flesh, will, and defiance—come to test their strength against fate itself. Will {PlayerName} rise as a champion, crowned in glory and sung in legend… or fall, forgotten beneath the dust?",,,,,,,,,,,,,,,,
dialogue_FuCWOCG,"You're all set. Walk over to the statue then proceed down the stairs to the Arena. \nWhen you're ready, you may begin. Good luck, {PlayerName}.",,,,,,,,,,,,,,,,
dialogue_ea6iW4c,Arena GameMaster,,,,,,,,,,,,,,,,
dialogue_qmq8mK2,Arena GameMaster,,,,,,,,,,,,,,,,
dialogue_2G0qKSK,Arena GameMaster,,,,,,,,,,,,,,,,
dialogue_8aS6KC2,Arena GameMaster,,,,,,,,,,,,,,,,
dialogue_imIWeGu,Arena GameMaster,,,,,,,,,,,,,,,,
dialogue_m0seYSu,Arena GameMaster,,,,,,,,,,,,,,,,
dialogue_ueuGwee,<color=#ffffff>Okay (Begin)</color>,,,,,,,,,,,,,,,,
dialogue_8m04e4K,<color=#00ff88>You successfully conquer the Talon Arena and claim champion status.\nCongratulations on your successful completion of this ArcadiaVR </color><color=#00ff88><b>Medusa </b></color><b><color=#00ff88></color></b><color=#00ff88>sim.</color>\n<color=#00ff88><b>{PlayerName} leaderboard score updated. </b>Here are your ArcadiaVR bonus rewards.</color>,,,,,,,,,,,,,,,,
dialogue_WKqG8q8,ArcadiaVR,,,,,,,,,,,,,,,,
dialogue_44qKumS,No Thanks (Leave),,,,,,,,,,,,,,,,
dialogue_aCDeGeO,<color=#ffffff>I'm ready to do battle. Sign me up.</color>,,,,,,,,,,,,,,,,
dialogue_Ok1Igma,What are the rules?,,,,,,,,,,,,,,,,
dialogue_4naLiKq,"To claim victory, gladiators must achieve 100 confirmed kills while visiting the 3 shrines of the arena.",,,,,,,,,,,,,,,,
dialogue_G4KqaWe,Arena GameMaster,,,,,,,,,,,,,,,,
dialogue_Wquq4qe,Foreman,,,,,,,,,,,,,,,,
dialogue_bW0ueuC,Foreman,,,,,,,,,,,,,,,,
dialogue_WeSuKWa,Mining Operations Terminal,,,,,,,,,,,,,,,,
dialogue_7eSu0O4,Mining Laser Offline\n*OBSTRUCTION DETECTED*,,,,,,,,,,,,,,,,
dialogue_GGGq08C,(Log Off),,,,,,,,,,,,,,,,
dialogue_Oqv00eW,"Howdy, you sent in to clean up the mess?",,,,,,,,,,,,,,,,
dialogue_WGqq8qu,What can I tell you?,,,,,,,,,,,,,,,,
dialogue_mSmequO,Foreman,,,,,,,,,,,,,,,,
dialogue_CmWmKmC,What's going on here?,,,,,,,,,,,,,,,,
dialogue_Wa0qiSi,(Leave),,,,,,,,,,,,,,,,
dialogue_e4WeSGW,Foreman,,,,,,,,,,,,,,,,
dialogue_Ke0SuOu,The laser drilled into some type of tunnels then corporate freaked out and evacuated everyone. \nWe covered it back up and closed it off the best we could.,,,,,,,,,,,,,,,,
dialogue_SGuuaOO,Okay,,,,,,,,,,,,,,,,
dialogue_O0Q40CO,"If you're headed in to investigate, flip on the laser over there, it should clear a way into the tunnels.\nTake the elevator down then head over to the mining shaft.",,,,,,,,,,,,,,,,
dialogue_4u4S80i,Foreman,,,,,,,,,,,,,,,,
dialogue_QSK4Oma,"Got it, thanks. (Leave)",,,,,,,,,,,,,,,,
dialogue_K8Kmmq8,<color=#ff0000>(SPAM) Steal galactic credits</color>,,,,,,,,,,,,,,,,
dialogue_eqKgOae,Mining Operations Terminal,,,,,,,,,,,,,,,,
dialogue_W0a4apS,"<color=#ff0000>You extract 25,000 galactic credits from the system</color>\n\n<color=#969696>(The foreman looks your way)</color>\nHey, what are you doing over there?",,,,,,,,,,,,,,,,
dialogue_m0aaEma,(Log Off),,,,,,,,,,,,,,,,
dialogue_8iSqW40,Are you the operative?,,,,,,,,,,,,,,,,
dialogue_GiSK4Sm,"Yes, I'm here to clean up.",,,,,,,,,,,,,,,,
dialogue_SSSmGGq,"Good, it's a mess. A few of the crew didn't make it, but most escaped.\nThere are a lot of Legacy down there, but I'm guessing you knew that.",,,,,,,,,,,,,,,,
dialogue_KWiqS88,What else can I tell you?,,,,,,,,,,,,,,,,
dialogue_WKemK08,What's going on down there?,,,,,,,,,,,,,,,,
dialogue_4KuWeKu,We had a gas leak. Cryogenic. \nApparently the Legacy love the stuff.,,,,,,,,,,,,,,,,
dialogue_auKWqaS,What's the threat level?,,,,,,,,,,,,,,,,
dialogue_uh44AGK,"Well, the gas leak is still going, so I'd imagine there's a whole infestation of them down there by now.",,,,,,,,,,,,,,,,
dialogue_RuGW4eK,What are you still doing here?,,,,,,,,,,,,,,,,
dialogue_aQeeiuK,Nothing else. (Leave),,,,,,,,,,,,,,,,
dialogue_KGW0Oq0,"Now that you're here, I'm pulling out. \nI haven't eaten anything all day. Might have to swing by FreshMart on the way home.",,,,,,,,,,,,,,,,
dialogue_Ge4aOOe,Foreman,,,,,,,,,,,,,,,,
dialogue_KW8mC2C,Foreman,,,,,,,,,,,,,,,,
dialogue_StWOKie,Foreman,,,,,,,,,,,,,,,,
dialogue_q04qA0e,Foreman,,,,,,,,,,,,,,,,
dialogue_meeW4am,Foreman,,,,,,,,,,,,,,,,
dialogue_Oi44QqG,I'll be right back. (Leave),,,,,,,,,,,,,,,,
dialogue_O4mqWia,<color=#ff8800>(He noticed your hacking software)</color>,,,,,,,,,,,,,,,,
dialogue_Su14uum,"Fellow of the craft, eh {PlayerName}?\nArcadia systems are definitely secure, but hackers on occasion find new combinations of attacks to use. \nThey climb the leaderboards too fast, then their accounts get banned.",,,,,,,,,,,,,,,,
dialogue_aKKC0WS,Arcadia CEO,,,,,,,,,,,,,,,,
dialogue_aquaaO1,"Now don'tya be using those hacks on Arcadia systems, ya hear?\n<color=#969696>(He gives a quick wink before heading off to make his escape)</color>",,,,,,,,,,,,,,,,
dialogue_iimu8KC,Smelting Station S9B,,,,,,,,,,,,,,,,
dialogue_G0mWxh8,Main Menu,,,,,,,,,,,,,,,,
dialogue_628Guuq,Station Info,,,,,,,,,,,,,,,,
dialogue_OmqKSS8,Station Status,,,,,,,,,,,,,,,,
dialogue_wOO08au,(Log Off),,,,,,,,,,,,,,,,
dialogue_mUOmnum,Smelting Station S9B,,,,,,,,,,,,,,,,
dialogue_SSKWqim,Smelting Station S9B,,,,,,,,,,,,,,,,
dialogue_uCWeui6,Smelting Station S9B offers services for miners and traders. Buy and sell ores. Smelt your ores into ingots. Grab a cocktail in the Star Lounge and enjoy all the station has to offer.,,,,,,,,,,,,,,,,
dialogue_GeGq0iS,Furnace 1   <color=#00ff88>✔</color>    Furnace 2   <color=#00ff88>✔</color>\nFurnace 3  <color=#00ff88>✔</color>    Furnace 4   <color=#00ff88>✔</color>\nFurnace 5  <color=#00ff88>✔</color>    Furnace 6   <color=#00ff88>✔</color>\nFurnace 7  <color=#00ff88>✔</color>    Furnace 8   <color=#00ff88>✔</color>,,,,,,,,,,,,,,,,
dialogue_YGCiCKW,Station Engineering Console,,,,,,,,,,,,,,,,
dialogue_4KuKLGq,(Log Off),,,,,,,,,,,,,,,,
dialogue_OGmqKi0,<color=#ff0000>{PlayerName} Unauthorized.</color>,,,,,,,,,,,,,,,,
dialogue_aumSSaC,<color=#ff0000>(SPAM) Steal galactic credits</color>,,,,,,,,,,,,,,,,
dialogue_ieK4ue0,"<color=#ff0000>You extract 25,000 galactic credits from the system</color>",,,,,,,,,,,,,,,,
dialogue_OOe8KWS,(Log Off),,,,,,,,,,,,,,,,
dialogue_4q8ma4S,Station Engineering Console,,,,,,,,,,,,,,,,
dialogue_OmO8EGK,Planet Medusa is a habitable Strange Temperate planet with a large Talon presence.\nIt boasts a pleasant breathable atmosphere but has robust predator and prey fauna.\nThe Talon are the primary faction occupying this planet.,,,,,,,,,,,,,,,,
dialogue_SWWGWim,(Go Back),,,,,,,,,,,,,,,,
dialogue_WS8eu0i,<color=#dd08d6>VR Planet Nyxara</color>,,,,,,,,,,,,,,,,
dialogue_mWt4qWq,<color=#ecf000>VR Planet Shangri-La</color>,,,,,,,,,,,,,,,,
dialogue_quG8GWe,<color=#00ff88>VR Planet Medusa</color>,,,,,,,,,,,,,,,,
dialogue_Sq4Ieq4,Go Back,,,,,,,,,,,,,,,,
dialogue_aKwGea4,ArcadiaVR,,,,,,,,,,,,,,,,
dialogue_e7GGi8S,GameMaster,,,,,,,,,,,,,,,,
dialogue_0qmCKSq,"<color=#969696>(The GameMaster announces your victory)</color>\n\nHear me, honored clans of the Talon, and all who have gathered beneath the roaring sky! The sands no longer thirst for battle—now they remember triumph. The challenger before you—{PlayerName}—has stood against every trial: blade and breath, doubt and destiny. From this day onward, your name echoes through the Arena’s bones—victor, champion, and crowned not by chance, but by mastery.\n\nLet the drums proclaim it! Let the banners answer it!",,,,,,,,,,,,,,,,
dialogue_ukD3YaO,<color=#00ff88>You successfully clear out the legacy infestation and eliminate the ProtoInfector boss.\nCongratulations on your successful completion of this ArcadiaVR <b>Medusa </b>sim.\n<b>{PlayerName} leaderboard score updated. </b>Here are your ArcadiaVR bonus rewards.</color>,,,,,,,,,,,,,,,,
dialogue_iCka8eC,ArcadiaVR,,,,,,,,,,,,,,,,
dialogue_iCYSkqO,<color=#00ff88>You successfully clear out the legacy infestation and eliminate the BioShell boss.\nCongratulations on your successful completion of this ArcadiaVR </color><color=#00ff88><b>Medusa </b></color><color=#00ff88></color><color=#00ff88>sim.</color>\n<color=#00ff88><b>{PlayerName} leaderboard score updated. </b>Here are your ArcadiaVR bonus rewards.</color>,,,,,,,,,,,,,,,,
dialogue_eSGC8Ka,ArcadiaVR,,,,,,,,,,,,,,,,
dialogue_SWZ0SCq,Arcadia Trader,,,,,,,,,,,,,,,,
dialogue_8eaCO0S,Arcadia Trader,,,,,,,,,,,,,,,,
dialogue_8WCC4oW,Arcadia Trader,,,,,,,,,,,,,,,,
dialogue_0umemu0,I heard the Arcadia CEO got stuck inside one of his own sims. Hilarious.,,,,,,,,,,,,,,,,
dialogue_aSa4sSi,"I'm not sure which planet I like more, Medusa or Shangri-La. Got a fav {PlayerName}?",,,,,,,,,,,,,,,,
dialogue_qaSSqeG,I don't know about you but I'm craving a berry milkshake.,,,,,,,,,,,,,,,,
dialogue_de0aWiG,Arcadia Trader,,,,,,,,,,,,,,,,
dialogue_uiSCaW4,<color=#04ecdd>Here you go. (Give him a berry shake)</color>,,,,,,,,,,,,,,,,
dialogue_mW4WOWK,Cool. (Don't offer him a berry shake),,,,,,,,,,,,,,,,
dialogue_KW00KWF,Arcadia Trader,,,,,,,,,,,,,,,,
dialogue_eKaLWa0,"Heck yeah, thanks {PlayerName}. These things hit the spot after a long day.\nMan, I've worked here forever. It's crazy some of the stuff I've seen go on here over the years.",,,,,,,,,,,,,,,,
dialogue_a84H4Ki,Sounds interesting. Like what?,,,,,,,,,,,,,,,,
dialogue_8qTC8eq,"Alright, you didn't hear it from me, but the current big happening is the hacking situation. \nWhich I suppose has always been an issue over the years, but lately it's gotten out of hand.",,,,,,,,,,,,,,,,
dialogue_maC80uC,Arcadia Trader,,,,,,,,,,,,,,,,
dialogue_K4iauih,Arcadia Trader,,,,,,,,,,,,,,,,
dialogue_9OqGGqW,Arcadia Trader,,,,,,,,,,,,,,,,
dialogue_8e4GGSi,Arcadia Trader,,,,,,,,,,,,,,,,
dialogue_u44SGa5,Arcadia Trader,,,,,,,,,,,,,,,,
dialogue_uCWKOKi,What hacking situation?,,,,,,,,,,,,,,,,
dialogue_0ue40RO,How does that even work?,,,,,,,,,,,,,,,,
dialogue_G88eGCe,Do you any combos?,,,,,,,,,,,,,,,,
dialogue_0ma8aO8,The leaderboards are totally borked. Probably several players at the top who hack their way to the top.,,,,,,,,,,,,,,,,
dialogue_KKi4SqK,"Different combos of hacking software. Arcadia security is always rotating their encryption keys, but players always seem to find new attack combos.",,,,,,,,,,,,,,,,
dialogue_aO8WCam,"There was a super basic attack I saw players using, but who knows if it works anymore. \nA while back you could spam attack certain consoles inside the VR sims and extract actual real world funds. \nThey probably patched that one by now.",,,,,,,,,,,,,,,,
dialogue_uw2OWmf,(Go Back),,,,,,,,,,,,,,,,
dialogue_GKiiW0G,Bye (Leave),,,,,,,,,,,,,,,,
dialogue_mmCiOii,My friend got his account banned from hacking the leaderboards.,,,,,,,,,,,,,,,,
dialogue_CfsK2Wm,These VR portals are bananas. Which games are you playing?,,,,,,,,,,,,,,,,
dialogue_08qKOeS,The employees here are always buying berry shakes from the snack bar.,,,,,,,,,,,,,,,,
dialogue_K0GZmii,(Go Back),,,,,,,,,,,,,,,,
dialogue_aC248OS,<color=#ff0000>ArcadiaVR Root</color>,,,,,,,,,,,,,,,,
dialogue_paKOeW4,<color=#ffffff><b>[Root Menu]</b></color>\n<color=#ff0000>Scanning {PlayerName} software inventory.</color>\n<color=#00ff88>Scan complete.</color> Available options displayed below.,,,,,,,,,,,,,,,,
dialogue_aeS0uSS,<color=#04ecdd>Update {PlayerName} Leaderboard Rank. +25</color>,,,,,,,,,,,,,,,,
dialogue_eCC4SWW,<color=#ecf000>Update {PlayerName} Leaderboard Rank. +50</color>,,,,,,,,,,,,,,,,
dialogue_CqeGGC8,<color=#dd08d6>Update {PlayerName} Leaderboard Rank. +100</color>,,,,,,,,,,,,,,,,
dialogue_uA4SWGW,(No further options listed) (Go back),,,,,,,,,,,,,,,,
dialogue_KS8824u,Help Menu,,,,,,,,,,,,,,,,
dialogue_qmSOSqm,<color=#ff0000>ArcadiaVR Root</color>,,,,,,,,,,,,,,,,
dialogue_qMOeWue,<color=#ff0000>Logging off root user.</color>\n<color=#ffffff>Booting system menu.</color>,,,,,,,,,,,,,,,,
dialogue_04Q0m88,<color=#ff0000>ArcadiaVR Root</color>,,,,,,,,,,,,,,,,
dialogue_00mOxu8,Help Notice: It is the technician's responsibility to have the necessary software to perform system maintenance functions.,,,,,,,,,,,,,,,,
dialogue_CmSiqvm,(Go Back),,,,,,,,,,,,,,,,
dialogue_mmQmW7W,<color=#ff0000>ArcadiaVR Root</color>,,,,,,,,,,,,,,,,
dialogue_OSqPGuK,<color=#ff0000>ArcadiaVR Root</color>,,,,,,,,,,,,,,,,
dialogue_KKmueSO,<color=#ff0000>ArcadiaVR Root</color>,,,,,,,,,,,,,,,,
dialogue_66qCqbq,Applying system update......\n<color=#00ff88>Update complete.</color>,,,,,,,,,,,,,,,,
dialogue_GaWe4WG,Applying system update......\n<color=#00ff88>Update complete.</color>,,,,,,,,,,,,,,,,
dialogue_miAOSiq,Applying system update......\n<color=#00ff88>Update complete.</color>,,,,,,,,,,,,,,,,
dialogue_8qemim8,(leave),,,,,,,,,,,,,,,,
dialogue_ieSuOWC,(leave),,,,,,,,,,,,,,,,
dialogue_KmeCui2,(leave),,,,,,,,,,,,,,,,