pda_Gm4qW8C,Return to Arcadia Station,,,,,,,,,,,,,,,,
pda_cum0uaW,It's on Arcadia Station,,,,,,,,,,,,,,,,
pda_ES4i8O0,Proceed,,,,,,,,,,,,,,,,
pda_eSOoOo4,Speak with the resort manager,,,,,,,,,,,,,,,,
pda_KMSO8q0,Go to lever,,,,,,,,,,,,,,,,
pda_OABWSBa,Go to the portal,,,,,,,,,,,,,,,,
pda_qWma0ei,Take a Royal Flush,,,,,,,,,,,,,,,,
pda_qmmiSam,Find and activate the 4 portal switches,,,,,,,,,,,,,,,,
pda_qW0S8uW,Access the Bugtron AI,,,,,,,,,,,,,,,,
pda_4O4OeWG,Finish looting then use the portal to return to Arcadia Station. This task will autocomplete in 30 seconds.,,,,,,,,,,,,,,,,
pda_4O4qCaK,Finish looting then use the portal to return to Arcadia Station,,,,,,,,,,,,,,,,
pda_Wi4iqaG,Go to the portal,,,,,,,,,,,,,,,,
pda_8gisSiC,[b][c][dd08d6]Hall of Champions [-][/c][c][ff8800][-][/c][c][ffffff]| [-][/c][c][ff8800][-][/c][c][dd08d6]Planet Nyxara Sim[-][/c][/b]\n[c][1083fe]Arcadia's signature virtual reality destination. Endure 3 tests of wit and strength to gain champion status and collect OP Arcadia rewards.[-][/c]\n[c][9da805](Activate via PDA)[-][/c],,,,,,,,,,,,,,,,
pda_0iuegOu,Look around for a way down into the temple's lower levels,,,,,,,,,,,,,,,,
pda_aGaWO0e,It's on Arcadia Station,,,,,,,,,,,,,,,,
pda_2uo5Wmi,Find the emergency exit,,,,,,,,,,,,,,,,
pda_iCqWKCm,Walk over to the resort manager,,,,,,,,,,,,,,,,
pda_eKGSqm0,Complete your third challenge,,,,,,,,,,,,,,,,
pda_1SmiGa8,"[b][c][ff0000]Congratulations Champion [-][/c]\n[c][ff0000]Where those who came before perished, you have prevailed and emerged victorious.[-][/c]\n[c][ff0000]From now onward, you are officially recognized as a Champion of Arcadia.[-][/c][/b]\n[c][c800ff][b]Collect your suitable reward ahead![/b][-][/c]",,,,,,,,,,,,,,,,
pda_i44Ghe4,Find and activate the 4 portal switches,,,,,,,,,,,,,,,,
pda_ae4uauO,"[c][04ecdd]Arcadian archeologists have gone missing and project timeframes have stalled.\nWe're counting on you to get in there, find them, and ensure the project gets back on track.[-][/c]",,,,,,,,,,,,,,,,
pda_QK8K1GK,"[b][c][04ecdd]Expedition [-][/c][c][ff8800][-][/c][/b][b][c][ff8800][-][/c][c][ffffff]| [-][/c][/b][b][c][ff8800][-][/c][c][04ecdd]Planet Aethon Sim[-][/c][/b]\n[c][1083fe]An Arcadian expedition team has not checked in and we fear our investment will not yield returns. The research project team's last known location was the site of a strange alien temple. We need you to head to the temple, reestablish contact with the team, and ensure the project is on track.[-][/c]\n[c][9da805](Activate via PDA)[-][/c][c][1083fe][-][/c]",,,,,,,,,,,,,,,,
pda_G4uO8qO,Get to lower level,,,,,,,,,,,,,,,,
pda_00OGuUK,Free up power capacity,,,,,,,,,,,,,,,,
pda_cWKUSGK,Override City Core,,,,,,,,,,,,,,,,
pda_C84E4CO,Power the exit portal,,,,,,,,,,,,,,,,
pda_Iu4qe4S,Open the door to the base,,,,,,,,,,,,,,,,
pda_CQOiOqu,"[c][00ffcc]We're headed to the exit now. Feel free to grab anything you see laying around in housekeeping, then head back to Arcadia Station through the emergency exit. Thanks for your help.[-][/c]",,,,,,,,,,,,,,,,
pda_08Ge0WU,Autocomplete,,,,,,,,,,,,,,,,
pda_iK0GuG2,Finish looting then use the portal to return to Arcadia Station,,,,,,,,,,,,,,,,
pda_SOmAikG,Shutdown Bugtron 3,,,,,,,,,,,,,,,,
pda_8OSuG0M,Flip the override switch,,,,,,,,,,,,,,,,
pda_rauWKq8,Go to the portal,,,,,,,,,,,,,,,,
pda_44i0OW4,Enter the Hall of Champions,,,,,,,,,,,,,,,,
pda_Leme8S8,Flip the override switch,,,,,,,,,,,,,,,,
pda_qmuaKOu,Power the exit portal,,,,,,,,,,,,,,,,
pda_m0dSqCa,[b][c][ff0000]No turning back now. Onwards. Your 3 challenges await.[-][/c][/b],,,,,,,,,,,,,,,,
pda_KCKtSqK,Return to the portal room,,,,,,,,,,,,,,,,
pda_4taSq8u,Override City Core,,,,,,,,,,,,,,,,
pda_GacKrqm,Search the tunnels for evidence,,,,,,,,,,,,,,,,
pda_Gu0qaiS,Complete your first challenge,,,,,,,,,,,,,,,,
pda_8mWwuoC,[b][c][ffffff][[u] Arcadia - VR Arcade Missions [/u]][-][/c][/b],,,,,,,,,,,,,,,,
pda_mq04smC,Shutdown Bugtron 3,,,,,,,,,,,,,,,,
pda_mmaAKe8,Find expedition party,,,,,,,,,,,,,,,,
pda_8SiaSeG,Find Syndicate City,,,,,,,,,,,,,,,,
pda_4eO0aSu,Collect your loot and use the emergency exit portal,,,,,,,,,,,,,,,,
pda_qq4O4Gu,Enter the tunnel,,,,,,,,,,,,,,,,
pda_KaS8GqA,Open the door to the base,,,,,,,,,,,,,,,,
pda_GeSuTOi,"[c][04ecdd]We need to find out what happened to the expedition party, and recover any technology caches that may exist.\nHow did they get inside? Take a look.[-][/c]",,,,,,,,,,,,,,,,
pda_mKeKCsG,[c][dd08d6]Seems quiet. Too quiet.[-][/c],,,,,,,,,,,,,,,,
pda_0OmqWKe,Locate the portal room,,,,,,,,,,,,,,,,
pda_WOqOKe0,Take a Royal Flush,,,,,,,,,,,,,,,,
pda_q0KuKHW,It's on Arcadia Station,,,,,,,,,,,,,,,,
pda_8eeCOeW,Approach the controls,,,,,,,,,,,,,,,,
pda_4iKueiq,Destroy the city core,,,,,,,,,,,,,,,,
pda_mW0iiKa,Locate the portal room,,,,,,,,,,,,,,,,
pda_mmWiKmO,Destroy the core,,,,,,,,,,,,,,,,
pda_KCOeGeS,Get to lower level,,,,,,,,,,,,,,,,
pda_4OOSG40,Take a Royal Flush,,,,,,,,,,,,,,,,
pda_4OqaGO4,Arrive at the resort,,,,,,,,,,,,,,,,
pda_mOu0iCK,Arrive at the temple,,,,,,,,,,,,,,,,
pda_q8Vi0su,Shutdown Bugtron 1,,,,,,,,,,,,,,,,
pda_C0GGOuw,Collect your loot and exit the portal,,,,,,,,,,,,,,,,
pda_uegCKi8,Collect your loot and exit the portal. This task will autocomplete in 30 seconds.,,,,,,,,,,,,,,,,
pda_OOqGiKq,Reach the main level,,,,,,,,,,,,,,,,
pda_eWG3GqC,Free up power capacity,,,,,,,,,,,,,,,,
pda_Oa8oiI2,Destroy the core,,,,,,,,,,,,,,,,
pda_Oia8tuS,Find a way to power up the radio,,,,,,,,,,,,,,,,
pda_DueqieG,[c][d1e916][b](Your Comms Buzz)[/b][-][/c]\n[c][d1e916]This is the expedition party. Come in. [-][/c][c][00ffcc][-][/c][c][d1e916]We're hiding in the exit portal room behind the pillars.[-][/c]\n[c][c2c2c2](locate the expedition leader)[-][/c],,,,,,,,,,,,,,,,
pda_Om8N6Ti,Approach the controls,,,,,,,,,,,,,,,,
pda_4WeKKGK,Complete your first challenge,,,,,,,,,,,,,,,,
pda_8eW08eg,Return to Arcadia Station,,,,,,,,,,,,,,,,
pda_mOOIaqu,Destroy the core,,,,,,,,,,,,,,,,
pda_0OC0WiW,Find Syndicate City,,,,,,,,,,,,,,,,
pda_S9mKueL,Walk over to the resort manager,,,,,,,,,,,,,,,,
pda_GKW88ie,Return to the portal room,,,,,,,,,,,,,,,,
pda_C8SWaa8,Locate Royal Flush,,,,,,,,,,,,,,,,
pda_4CG0OWW,Take the exit portal back to Arcadia Station.,,,,,,,,,,,,,,,,
pda_KWeCqam,"[c][ffffff](the radio comes online. the resort manager contacts you a moment later)[-][/c]\n[c][00ffcc][b]You did it! great! Now I'll try to raise the maintenance team.[/b][-][/c]\n[c][00ffcc][b][i]Maintenance team, come in, this is Arcadia Resort.[/i][/b][-][/c]\n[c][ffffff](a few moments later the radio clicks)[-][/c][c][c800ff][b]\nThis is the maintenance team commander, we are arriving to your location now. [/b][-][/c]\n[c][c800ff][b]Your scheduled repairs will begin momentarily.[/b][-][/c]",,,,,,,,,,,,,,,,
pda_uWmOb9S,[c][dd08d6]That seemed to do something.[-][/c],,,,,,,,,,,,,,,,
pda_uWOMCKU,[c][04ecdd]Check in with the resort manager[-][/c],,,,,,,,,,,,,,,,
pda_88Kqw8G,Complete your second challenge,,,,,,,,,,,,,,,,
pda_u4u8q0H,[b]Arcadia: [c][04ecdd]Arcadia Resort[-][/c][/b],,,,,,,,,,,,,,,,
pda_GK8uqGY,Search the tunnels for a way into the base,,,,,,,,,,,,,,,,
pda_qOqOKam,Search the tunnels for a way into the base,,,,,,,,,,,,,,,,
pda_0mK4OeC,Return to the portal room,,,,,,,,,,,,,,,,
pda_4uqaG0e,[c][00ffcc]Looks like maybe a way out.[-][/c]\n[c][04ecdd]Maybe the expedition party is down here.[-][/c],,,,,,,,,,,,,,,,
pda_Sm480CW,Flip the switch in the center of the room once you're sufficiently ready to die,,,,,,,,,,,,,,,,
pda_8Imj4OO,[c][dd08d6]Have a look around for any rare loot before exiting through the portal.[-][/c],,,,,,,,,,,,,,,,
pda_eGeHKaG,Go to the portal,,,,,,,,,,,,,,,,
pda_SOqCGKC,Access the Bugtron AI. Shut down the Bugtrons.,,,,,,,,,,,,,,,,
pda_0qGG4eS,Find a way to power up the radio,,,,,,,,,,,,,,,,
pda_eiOquWO,Access the Bugtron AI,,,,,,,,,,,,,,,,
pda_4uuCuEo,Free up power capacity. We're gonna have to turn some stuff off.,,,,,,,,,,,,,,,,
pda_0caeCaf,Speak with the resort manager,,,,,,,,,,,,,,,,
pda_mC0a84u,Go to the portal,,,,,,,,,,,,,,,,
pda_qiaGCKW,Gain your champion status,,,,,,,,,,,,,,,,
pda_GmFq84K,Go to the portal,,,,,,,,,,,,,,,,
pda_fWaS0gW,Get to lower level,,,,,,,,,,,,,,,,
pda_qC4OmKq,Find and activate the 4 portal switches,,,,,,,,,,,,,,,,
pda_KGqKOS4,Look for the expedition party,,,,,,,,,,,,,,,,
pda_OCCMauO,Arrive at the temple,,,,,,,,,,,,,,,,
pda_VKiCW88,Autocomplete,,,,,,,,,,,,,,,,
pda_m4mSSaS,Walk over to the resort manager,,,,,,,,,,,,,,,,
pda_uCqemGe,Gain your champion status,,,,,,,,,,,,,,,,
pda_W44444K,[c][dd08d6]It looks like there are 4 power circuits that need to be switched on before this portal will turn on. Find the switches in the base.[-][/c],,,,,,,,,,,,,,,,
pda_mGi0F8S,Find the emergency exit. Check housekeeping.,,,,,,,,,,,,,,,,
pda_aKqPKmS,Arrive at the temple,,,,,,,,,,,,,,,,
pda_aKquW08,"[c][ff8800]Alright, found a way in. It looks dark - like it's been in standby mode for a thousand years.[-][/c]",,,,,,,,,,,,,,,,
pda_80am8Ci,[b][c][04ecdd]Arcadia Resort [-][/c][/b][b][c][ff8800][-][/c][c][ffffff]| [-][/c][c][ff8800][-][/c][c][04ecdd]Planet Aethon Sim[-][/c][/b]\n[c][1083fe]Arcadian maintenance crews have really let the resort go downhill as of late. We need your help clearing the unwelcome infestation and getting Arcadia employees safely evacuated.[-][/c]\n[c][9da805](Activate via PDA)[-][/c][c][1083fe][-][/c],,,,,,,,,,,,,,,,
pda_3uaSW0e,Flip the override switch,,,,,,,,,,,,,,,,
pda_q0nCi0W,Destroy the city core,,,,,,,,,,,,,,,,
pda_q0SjOaa,Complete your third challenge,,,,,,,,,,,,,,,,
pda_Sqa4Wqi,Collect your loot and use the emergency exit portal. This task will autocomplete in 30 seconds.,,,,,,,,,,,,,,,,
pda_iWWiGu8,Investigate,,,,,,,,,,,,,,,,
pda_WauC040,Go to lever,,,,,,,,,,,,,,,,
pda_OO85KW4,"Walk on over to that lever over there. When you're ready, flip it.",,,,,,,,,,,,,,,,
pda_qs8W0ii,Shutdown Bugtron 2,,,,,,,,,,,,,,,,
pda_RG4EWaG,Flip the switch,,,,,,,,,,,,,,,,
pda_0qqKOGC,Complete your second challenge,,,,,,,,,,,,,,,,
pda_mm4KCiG,Destroy the city core,,,,,,,,,,,,,,,,
pda_sScSqq0,Investigate,,,,,,,,,,,,,,,,
pda_SGqGWD8,"[c][dd08d6][b]Welcome to the Hall of Champions [/b][-][/c]\n[c][ffffff]Three challenges of wits, strength, and luck await you. Will you be victorious and earn significant rewards while gaining champion status?[-][/c]\n[b][c][ff0000]You're gonna wanna bring a lot of firepower to this one. [-][/c][/b]\n[b][c][c800ff]And a lot of health packs.[-][/c][/b]",,,,,,,,,,,,,,,,
pda_uSaSGmS,Go to the portal,,,,,,,,,,,,,,,,
pda_qGaiGYu,"[c][dd08d6]The tunnels, recently discovered during excavation, contain the preserved remnants of an ancient high technology race.[-][/c]",,,,,,,,,,,,,,,,
pda_Oa0CeGS,Find expedition party,,,,,,,,,,,,,,,,
pda_eeuGqKm,[b]Arcadia: [c][dd08d6]Syndicate Bunker[-][/c][/b],,,,,,,,,,,,,,,,
pda_Sk448iC,[b]Arcadia:[/b] [b][c][04ecdd]Expedition Rescue[-][/c][/b],,,,,,,,,,,,,,,,
pda_GCqukmY,Collect your loot and use the emergency exit portal,,,,,,,,,,,,,,,,
pda_uKKKi4a,Locate Royal Flush,,,,,,,,,,,,,,,,
pda_uKhe4Sa,Find expedition party,,,,,,,,,,,,,,,,
pda_uC400Cu,Shutdown Bugtron 1,,,,,,,,,,,,,,,,
pda_GGxuaiR,Go to the portal,,,,,,,,,,,,,,,,
pda_iuSS3Oa,"[c][d1e916]Hey, thanks for saving us. Go on ahead to Arcadia Station and let them know we're okay. Now that you've cleared the place out, we can get our project back on track.[-][/c]",,,,,,,,,,,,,,,,
pda_Pu88uGU,"[c][00ffcc]Alright, you heard what the man said. Head over to housekeeping and be sure to clear a path for the rest of us. Let me know when you find the emergency exit and when it's safe for the rest of us to evacuate.[-][/c]",,,,,,,,,,,,,,,,
pda_a4OSTmq,Proceed,,,,,,,,,,,,,,,,
pda_q4GGOaC,It's on Arcadia Station,,,,,,,,,,,,,,,,
pda_eWUa4CO,Flip the switch,,,,,,,,,,,,,,,,
pda_4m8iOCC,Arrive at the resort,,,,,,,,,,,,,,,,
pda_KGSGaae,Override City Core,,,,,,,,,,,,,,,,
pda_maGCwBa,Shutdown Bugtron 2,,,,,,,,,,,,,,,,
pda_89iKG84,Locate the portal room,,,,,,,,,,,,,,,,
pda_C88a0Gi,Enter the tunnel,,,,,,,,,,,,,,,,
pda_8Oi4K4S,[c][dd08d6]Most of the teams sent were wiped out. A single survivor reported lethal security systems turning on at random. [-][/c][c][ff8800][-][/c][c][dd08d6]Better keep an eye out for traps.[-][/c],,,,,,,,,,,,,,,,
pda_iaeOK1q,"[c][04ecdd]That did it. You should be able to get into the inner facility now.\nWe don't know what lies ahead, but our expedition team indicated the existence of valuable technology caches.[-][/c]",,,,,,,,,,,,,,,,
pda_iO8qiQe,Gain entry to inner facility,,,,,,,,,,,,,,,,
pda_OaWq4qe,Find a way to unlock the door to the base,,,,,,,,,,,,,,,,
pda_K9qqqeC,"[b][c][dd08d6]Syndicate Bunker [-][/c][c][ff8800][-][/c][/b][b][c][ff8800][-][/c][c][ffffff]| [-][/c][/b][b][c][dd08d6]Planet Nyxara Sim[-][/c][/b]\n[c][1083fe]Arcadia archeologists stumbled upon an ancient robotics tunnel base filled with long dormant Robotics Syndicate tech! Thus far, all teams sent in to recover the goods have gone missing.[-][/c]\n[c][9da805](Activate via PDA)[-][/c][c][1083fe][-][/c]",,,,,,,,,,,,,,,,
pda_GUGNek4,Approach the controls,,,,,,,,,,,,,,,,
pda_W0K00O0,Manually Shutdown 3 Bugtrons,,,,,,,,,,,,,,,,
pda_W0K4CeS,Locate Royal Flush,,,,,,,,,,,,,,,,
pda_YZOiCYO,Complete your second challenge,,,,,,,,,,,,,,,,
pda_qZOaWSa,Gain entry to inner facility,,,,,,,,,,,,,,,,
pda_S08LmmW,Complete your first challenge,,,,,,,,,,,,,,,,
pda_gOimmCi,"[b][c][ff0000]Take a look around. It's safe. For now.[-][/c][/b]\n[b][c][ff0000]When you're ready, flip the switch to begin.[-][/c][/b]",,,,,,,,,,,,,,,,
pda_q4KiKSp,[b]Arcadia: [c][dd08d6]Hall of Champions[-][/c][/b],,,,,,,,,,,,,,,,
pda_8CWiK0e,Find expedition party,,,,,,,,,,,,,,,,
pda_WWM0wS4,Speak with the resort manager,,,,,,,,,,,,,,,,
pda_Suq4G88,Find a way to power up the radio. There's probably a switch around here.,,,,,,,,,,,,,,,,
pda_uOeSS0i,Arrive at the resort,,,,,,,,,,,,,,,,
pda_SmG0K8S,Search the tunnels for a way into the base,,,,,,,,,,,,,,,,
pda_WKWiKWq,"[c][04ecdd]Great, you're in.\nThe temple looks remarkably intact for it's age. Looks like some advanced tech.[-][/c]",,,,,,,,,,,,,,,,
pda_W8eaqBc,Find a way to unlock the door to the base,,,,,,,,,,,,,,,,
pda_8CYKTWO,Enter the tunnel,,,,,,,,,,,,,,,,
pda_wa40qGq,Investigate,,,,,,,,,,,,,,,,
pda_KG0DCq8,Find Syndicate City,,,,,,,,,,,,,,,,
pda_UCai8ea,Gain your champion status,,,,,,,,,,,,,,,,
pda_4GmKKGK,Find a way down to the main level of the temple,,,,,,,,,,,,,,,,
pda_qimKuCY,Autocomplete,,,,,,,,,,,,,,,,
pda_8eG80O4,Open the door to the base,,,,,,,,,,,,,,,,
pda_ue088ei,Complete your third challenge,,,,,,,,,,,,,,,,
pda_4mOMu88,[c][ff0000][b]You're gonna regret that[/b][-][/c],,,,,,,,,,,,,,,,
pda_Y8CSKKK,Reach the main level,,,,,,,,,,,,,,,,
pda_aiq3uK4,[b]Arcadia:[c][ecf000] Royal Flush[-][/c][/b],,,,,,,,,,,,,,,,
pda_49UGe0C,"[c][dd08d6]There should be an exit portal within the base, but who knows if it's still powered after all this time. Keep an eye out for it.[-][/c]",,,,,,,,,,,,,,,,
pda_OGWSeWS,Find the emergency exit,,,,,,,,,,,,,,,,
pda_MOe8WC4,Collect your loot and exit the portal,,,,,,,,,,,,,,,,
pda_OiS4Oeq,[c][dd08d6]That should do it. Head back up to the portal room.[-][/c],,,,,,,,,,,,,,,,
pda_mWiuaqK,Find a way to unlock the door to the base,,,,,,,,,,,,,,,,
pda_iCwOa4m,[c][dd08d6]Look for a way into the main base.[-][/c],,,,,,,,,,,,,,,,
pda_GKHqqeu,Power the exit portal,,,,,,,,,,,,,,,,
pda_CWuZumC,[b]Arcadia:[/b] [b][c][04ecdd]Syndicate Business Center[-][/c][/b],,,,,,,,,,,,,,,,
pda_G0mCmSs,"[b][c][04ecdd]Syndicate Business Center [-][/c][/b][b][c][ff8800][-][/c][c][ffffff]|[-][/c][/b][b][c][04ecdd] Planet Aethon Sim[-][/c][/b]\n[c][1083fe]We've identified a facility the Robotics Syndicate is using as a front. We don't know what they're up to in there, but we need to get in, find out, and shut it down.[-][/c]\n[c][9da805](Activate via PDA)[-][/c][c][1083fe][-][/c]",,,,,,,,,,,,,,,,
pda_miO8am0,Go to the portal,,,,,,,,,,,,,,,,
pda_mKuK8G8,Go to the portal,,,,,,,,,,,,,,,,
pda_8SCGSSC,"[c][04ecdd]Arcadian Intelligence needs to know on what's going on at the business center, a suspected Syndicate front.\nWe've secured a credential for you which should get you past security.\nYou're going in as a[-][/c][c][ecf000] Power Optimization Consultant[-][/c][c][04ecdd], so when you check-in, tell them you're there to analyze their grid.[-][/c]",,,,,,,,,,,,,,,,
pda_GWkqe8S,It's on Arcadia Station,,,,,,,,,,,,,,,,
pda_u0m0Waq,Check-in with the receptionist,,,,,,,,,,,,,,,,
pda_KwSgCuq,Check-in with the receptionist,,,,,,,,,,,,,,,,
pda_aGKqG0m,Check-in with the receptionist,,,,,,,,,,,,,,,,
pda_qqeg8m0,Finish Checking In,,,,,,,,,,,,,,,,
pda_mKqCtSm,Finish Checking In,,,,,,,,,,,,,,,,
pda_iqCaaq0,Finish Checking In - Speak with the receptionist,,,,,,,,,,,,,,,,
pda_k4emea0,Investigate the facility,,,,,,,,,,,,,,,,
pda_44GK80P,Investigate the facility,,,,,,,,,,,,,,,,
pda_SuaKS8O,[c][04ecdd](your radio buzzes)\nAlright you're in. Take a look around the facility. See if you can figure out what's going on here.[-][/c],,,,,,,,,,,,,,,,
pda_0q40HC0,Investigate the facility,,,,,,,,,,,,,,,,
pda_mK0OWWC,Shut it down,,,,,,,,,,,,,,,,
pda_KK0SemG,Shutdown VLF Frequency,,,,,,,,,,,,,,,,
pda_8CWiweC,Bring the radio offline,,,,,,,,,,,,,,,,
pda_i0KSiZC,[c][04ecdd](your radio buzzes)\nThis isn't a business center at all. It looks like some type of signal intelligence facility used for hacking or engaging in fraudulent trade.\nSee if you can shut it down quietly.[-][/c],,,,,,,,,,,,,,,,
pda_iSmGGiD,Shutdown ELF Frequency,,,,,,,,,,,,,,,,
pda_SqGwaGW,Shutdown UHF Frequency,,,,,,,,,,,,,,,,
pda_44UcS8q,Shutdown VHF Frequency,,,,,,,,,,,,,,,,
pda_8lmGQ8q,Bring the radio offline,,,,,,,,,,,,,,,,
pda_uWY6qi0,Bring the radio offline,,,,,,,,,,,,,,,,
pda_eeSOSuC,Bring the radio offline,,,,,,,,,,,,,,,,
pda_OO8WmOm,Access Command Center,,,,,,,,,,,,,,,,
pda_m8GqWGs,Access Command Center,,,,,,,,,,,,,,,,
pda_QS8qOWg,Access Command Center,,,,,,,,,,,,,,,,
pda_eaim080,Finish looting the business center,,,,,,,,,,,,,,,,
pda_Om4oaeK,Finish looting the business center,,,,,,,,,,,,,,,,
pda_eOmu02S,Finish looting the business center,,,,,,,,,,,,,,,,
pda_ZmSZiqK,[b]Arcadia:[/b][c][04ecdd] [b]Raptor Inc[/b][-][/c],,,,,,,,,,,,,,,,
pda_qOuG8eW,Go to the portal,,,,,,,,,,,,,,,,
pda_iSpWue4,Go to the portal,,,,,,,,,,,,,,,,
pda_KKSuW00,It's on Arcadia Station,,,,,,,,,,,,,,,,
pda_KK0SWGS,Talk to the lab worker in Raptor Inc lobby,,,,,,,,,,,,,,,,
pda_WCGWK4q,Talk to the lab worker in Raptor Inc lobby,,,,,,,,,,,,,,,,
pda_a5GmG8a,Talk to the lab worker in Raptor Inc lobby,,,,,,,,,,,,,,,,
pda_iGKaaaG,Get Scanned In,,,,,,,,,,,,,,,,
pda_WOaGOu8,Get Scanned In,,,,,,,,,,,,,,,,
pda_00K4CJi,Stand on the red square to be scanned.,,,,,,,,,,,,,,,,
pda_GeGupCW,Go to the lab entrance,,,,,,,,,,,,,,,,
pda_GSGeEGi,Go to the lab entrance,,,,,,,,,,,,,,,,
pda_CeeuOe0,Go to the lab entrance,,,,,,,,,,,,,,,,
pda_0WMqCi0,Access the med bay,,,,,,,,,,,,,,,,
pda_0iG4Geg,Access the med bay,,,,,,,,,,,,,,,,
pda_CeWA8We,Access the med bay,,,,,,,,,,,,,,,,
pda_8CWVu14,Gain entry to the storage room,,,,,,,,,,,,,,,,
pda_e8OaCGa,Gain entry to the storage room,,,,,,,,,,,,,,,,
pda_OYmK08u,Gain entry to the storage room,,,,,,,,,,,,,,,,
pda_OrOCemW,Unlock Elevator,,,,,,,,,,,,,,,,
pda_aOeWOeG,Unlock Elevator,,,,,,,,,,,,,,,,
pda_iPCq0c0,Unlock Elevator,,,,,,,,,,,,,,,,
pda_4SGmSCS,Take The Elevator,,,,,,,,,,,,,,,,
pda_3mWKOam,Take The Elevator,,,,,,,,,,,,,,,,
pda_SAF8SiC,Take The Elevator,,,,,,,,,,,,,,,,
pda_W06o00a,Overload system voltage,,,,,,,,,,,,,,,,
pda_eGi0oPm,Overload system voltage,,,,,,,,,,,,,,,,
pda_W4Wa9PS,Access the control room,,,,,,,,,,,,,,,,
pda_m3mKWiK,Shutdown the replicators,,,,,,,,,,,,,,,,
pda_uGiZqua,Shutdown the replicators,,,,,,,,,,,,,,,,
pda_xi0ieum,Shutdown the replicators,,,,,,,,,,,,,,,,
pda_SaKKKC8,Bring down the power system,,,,,,,,,,,,,,,,
pda_6uqG88O,Bring down the power system,,,,,,,,,,,,,,,,
pda_WiqfiOK,Bring down the power system,,,,,,,,,,,,,,,,
pda_uau4mii,Loot the facility,,,,,,,,,,,,,,,,
pda_4AWiOWW,Loot the facility,,,,,,,,,,,,,,,,
pda_m0KSGou,Loot the facility. Find all the containers.,,,,,,,,,,,,,,,,
pda_K0eSSWG,Go to the lobby,,,,,,,,,,,,,,,,
pda_00WC04G,Go to the lobby,,,,,,,,,,,,,,,,
pda_liiKK0m,Go to the lobby,,,,,,,,,,,,,,,,
pda_i8GuCKK,Return to Arcadia Station,,,,,,,,,,,,,,,,
pda_K8Guq0u,Return to Arcadia Station,,,,,,,,,,,,,,,,
pda_8mGKO4u,Return to Arcadia Station,,,,,,,,,,,,,,,,
pda_GSBGia8,[c][04ecdd]Inside this storage room you should find controls to unlock the elevator. We need to stabilize the grid before we can bring the replicators offline to avoid the facility exploding.[-][/c],,,,,,,,,,,,,,,,
pda_S0Ce0uk,"[c][04ecdd]Go stand on the red square over there to be scanned in. It will only take a few moments. Once complete, the teleporter will power on and you can use it to enter the inner lab.[-][/c]",,,,,,,,,,,,,,,,
pda_W0iG0Ei,"[c][04ecdd]Ok, it looks like the replicators are still going haywire. There's no way around it, you're going to have to go through those raptors to gain entrance to the medbay.[-][/c]",,,,,,,,,,,,,,,,
pda_iWqa46G,"[c][04ecdd]If you take any damage from the raptors, you can come back to the medbay to heal up. You're going to need to find a way into the storage room next.[-][/c]",,,,,,,,,,,,,,,,
pda_GiiGGGV,[c][04ecdd]Okay great. At the top of this elevator you'll find the voltage controls.[-][/c],,,,,,,,,,,,,,,,
pda_iWGKWaa,[c][04ecdd]Excellent. Power has been re-routed to the control room. You should be able to find a way in now. Look for the replicator shutoff switch.[-][/c],,,,,,,,,,,,,,,,
pda_Me4my6K,"[c][04ecdd]Ok, that should prevent any new raptors for being created. Now to be safe, we need to bring the entire facility offline so our maintenance crews can safely enter the facility to perform repairs. Flip the master override switch in the facility. Take out any remaining raptors you encounter.[-][/c]",,,,,,,,,,,,,,,,
pda_WqGeSqG,"[c][04ecdd]Oh man, I didn't think you could do it. Thank you, it looks like the power fluctuations have subsided. Feel free to grab any loot you find in the facility. Come back up to the lobby once you've finished.[-][/c]",,,,,,,,,,,,,,,,
pda_KC8EWeO,[b][c][ffffff]ArcadiaVR Entertainment [-][/c][/b]\n[c][ecf000]Activate PDA mission before entering the mission portals.[-][/c][c][0088ff] Portals are located at Arcadia Station.[-][/c][c][0088ff] These missions are repeatable and can be activated anytime via PDA. [-][/c]\n[c][0088ff]Earn [-][/c][c][ff0000][b]CacheKeys[/b][-][/c][c][0088ff] and [-][/c][c][db00c9][b]ChampionKeys[/b][-][/c][c][0088ff] as well as other rewards for VR Sims successfully completed.[-][/c],,,,,,,,,,,,,,,,
pda_umAiCmE,"[b][c][ecf000]Royal Flush [-][/c][c][ffffff]| [-][/c][c][ecf000][-][/c][/b][b][c][ecf000]Planet Shangri-La Sim[-][/c][/b]\n[c][1083fe]Arcadia listening stations have intercepted some disturbing chatter on Syndicate frequencies. [-][/c]\n[c][1083fe]It sounds like something big. You're headed to Syndicate City to investigate codename ""Royal Flush"".[-][/c]\n[c][9da805](Activate via PDA)[-][/c]",,,,,,,,,,,,,,,,
pda_KWm4mS5,[b]Arcadia: [c][04ecdd][-][/c][/b][b][c][04ecdd]Temple of Harvest[-][/c][/b],,,,,,,,,,,,,,,,
pda_KumqOOC,Go to the portal,,,,,,,,,,,,,,,,
pda_a8WSaOC,Go to the portal,,,,,,,,,,,,,,,,
pda_SWqGSQe,[b][c][04ecdd]Temple of Harvest [-][/c][/b][b][c][ff8800][-][/c][c][ffffff]|[-][/c][/b][b][c][04ecdd] Planet Aethon Sim[-][/c][/b]\n[c][1083fe]Unravel the mysteries of the temple while discovering the hidden advanced technologies within.[-][/c]\n[c][9da805](Activate via PDA)[-][/c][c][1083fe][-][/c],,,,,,,,,,,,,,,,
pda_iP8ma9C,It's on Arcadia Station,,,,,,,,,,,,,,,,
pda_mqCiWKa,Go to temple entrance,,,,,,,,,,,,,,,,
pda_kqWqiCi,Go to temple entrance,,,,,,,,,,,,,,,,
pda_iWOCWme,Go to temple entrance,,,,,,,,,,,,,,,,
pda_S0mSKOg,Explore the temple,,,,,,,,,,,,,,,,
pda_Iiu4OWe,Explore the temple,,,,,,,,,,,,,,,,
pda_qqaWIWa,Explore the temple. Look for a way deeper into the temple.,,,,,,,,,,,,,,,,
pda_uWWW0uq,Get to the inner lab,,,,,,,,,,,,,,,,
pda_a4kKMae,Get to the inner lab,,,,,,,,,,,,,,,,
pda_KmCCi8K,Get to the inner lab,,,,,,,,,,,,,,,,
pda_KmaWW89,Enter the main facility,,,,,,,,,,,,,,,,
pda_8wK40Ge,Enter the main facility,,,,,,,,,,,,,,,,
pda_uKS9mWK,Enter the main facility,,,,,,,,,,,,,,,,
pda_K0umq4G,Unlock the facility,,,,,,,,,,,,,,,,
pda_Sqimam0,Unlock the facility,,,,,,,,,,,,,,,,
pda_uKO8Y8K,Unlock the facility,,,,,,,,,,,,,,,,
pda_eCeiqGe,Take out 2 Sentry guns,,,,,,,,,,,,,,,,
pda_u0NaCq4,Take out 2 Sentry guns,,,,,,,,,,,,,,,,
pda_GO0Ki0C,Take out 2 Sentry guns,,,,,,,,,,,,,,,,
pda_Oie0mOe,Disable the rogue AI,,,,,,,,,,,,,,,,
pda_84qoK4O,Disable the rogue AI,,,,,,,,,,,,,,,,
pda_9uECWGG,Disable the rogue AI,,,,,,,,,,,,,,,,
pda_eGGWOm8,Continue to exit,,,,,,,,,,,,,,,,
pda_44eSK8u,Continue to exit,,,,,,,,,,,,,,,,
pda_O4qSqi8,Continue to exit,,,,,,,,,,,,,,,,
pda_aOGG0ue,Flip Exit Switch,,,,,,,,,,,,,,,,
pda_eC4mGiC,Flip Exit Switch,,,,,,,,,,,,,,,,
pda_e40m0mG,Flip Exit Switch,,,,,,,,,,,,,,,,
pda_CCCKGm6,Get the loot,,,,,,,,,,,,,,,,
pda_meEa0C8,Get the loot,,,,,,,,,,,,,,,,
pda_wSWSGi4,Don't forget the loot,,,,,,,,,,,,,,,,
pda_84u8Wi0,Finish looting and exit the portal,,,,,,,,,,,,,,,,
pda_e8eCOCu,Finish looting and exit the portal,,,,,,,,,,,,,,,,
pda_uKCeuTe,Finish looting and exit the portal,,,,,,,,,,,,,,,,
pda_auqGGZ4,[b]Arcadia:[c][04ecdd] Vault of the Doomed[-][/c][/b],,,,,,,,,,,,,,,,
pda_q3uSuei,Go to the portal,,,,,,,,,,,,,,,,
pda_8xG4quC,Go to the portal,,,,,,,,,,,,,,,,
pda_MWOOC8i,It's on Arcadia Station,,,,,,,,,,,,,,,,
pda_mOWOKC8,Enter the vault,,,,,,,,,,,,,,,,
pda_K0O8kSS,Enter the vault,,,,,,,,,,,,,,,,
pda_q8mm8CO,Enter the vault,,,,,,,,,,,,,,,,
pda_qAGgSue,Entry Door Switch,,,,,,,,,,,,,,,,
pda_u408MGu,Entry Door Switch,,,,,,,,,,,,,,,,
pda_Oe480mi,Entry Door Switch,,,,,,,,,,,,,,,,
pda_08iaOu4,Part one door,,,,,,,,,,,,,,,,
pda_n0eOSW9,Part one door,,,,,,,,,,,,,,,,
pda_CSuu8OC,Part one door,,,,,,,,,,,,,,,,
pda_4SWmOum,Power portal,,,,,,,,,,,,,,,,
pda_qOOOWC8,Power portal,,,,,,,,,,,,,,,,
pda_8OG34qn,Power portal,,,,,,,,,,,,,,,,
pda_iWQ8aSS,Finish looting and exit the portal,,,,,,,,,,,,,,,,
pda_0OGOaWY,Finish looting and exit the portal,,,,,,,,,,,,,,,,
pda_KWm0mci,Finish looting and exit the portal. Return to Adelevine Commons.,,,,,,,,,,,,,,,,
pda_8q8ie4i,[b][c][04ecdd]Vault of the Doomed [-][/c][/b][b][c][ff8800][-][/c][c][ffffff]|[-][/c][/b][b][c][04ecdd] Planet Aethon Sim[-][/c][/b]\n[c][1083fe]Unravel the mysteries of the vault and discover the many treasures and dangers within.[-][/c]\n[c][9da805](Activate via PDA)[-][/c][c][1083fe][-][/c],,,,,,,,,,,,,,,,
pda_q4S8Q80,[b][c][04ecdd]Raptor Inc [-][/c][/b][b][c][ff8800][-][/c][c][ffffff]|[-][/c][/b][b][c][04ecdd] Planet Aethon Sim[-][/c][/b]\n[c][1083fe]We've received an emergency request to help re-stabilize Raptor Inc's power grid. Please get to the facility and speak with the lab worker.[-][/c]\n[c][9da805](Activate via PDA)[-][/c][c][1083fe][-][/c],,,,,,,,,,,,,,,,
pda_OmKKYS4,[b][c][04ecdd]Mission Update[-][/c][/b]\n[c][04ecdd]You've located [-][/c][c][ecf000]Syndicate City[-][/c][c][04ecdd].[-][/c]\n[c][04ecdd]The marketplace level in the upper pyramids should be safe. Have a look around. [-][/c]\n[c][04ecdd]You're investigating criminal code word: [-][/c][c][ecf000]Royal Flush[-][/c],,,,,,,,,,,,,,,,
pda_08eqCqO,"[b][c][04ecdd]Mission Update[-][/c][/b]\n[c][04ecdd]Huh, I guess [-][/c][c][ecf000]Royal Flush[-][/c][c][04ecdd] is just what they call their crapper.[-][/c]\n[c][04ecdd]Since you're there, give it a proper use. We need to be thorough in our investigation.[-][/c]",,,,,,,,,,,,,,,,
pda_GKKu4Ge,[c][04ecdd][b]Mission Update[/b]\nI'm picking up new signal anomalies directly below your location.\nCheck the plumbing.[-][/c],,,,,,,,,,,,,,,,
pda_WmO08OK,[c][04ecdd][b]Mission Update[/b]\nLooks like some type of hidden manufacturing facility.\nAre those BugTrons? That's some really old robotics tech.[-][/c],,,,,,,,,,,,,,,,
pda_SCiOGWq,[c][04ecdd][b]Mission Update[/b]\nThey ARE BugTrons! Didn't think any of those existed after alpha 12.\nThe Syndicate could create a huge headache for Arcadia with these.[-][/c]\n[c][04ecdd]You're going to have to shut them down. [-][/c],,,,,,,,,,,,,,,,
pda_S00CiOe,"[c][04ecdd][b]Mission Update[/b]\nIf you can't hack the systems, the BugTrons can still be shut down manually.\nYou'll have to get inside of them and look for the switch.[-][/c]",,,,,,,,,,,,,,,,
pda_084qRmu,[c][04ecdd]No more BugTron energy signatures detected.\nI think the safest bet will be to take out the city core so they can't bring them back online.[-][/c],,,,,,,,,,,,,,,,
pda_WaGiWmG,[c][04ecdd][b]Mission Update[/b]\nExcellent. That should have opened access to the city core.\nProceed with taking out the core.[-][/c],,,,,,,,,,,,,,,,
pda_KBOWCsO,[c][04ecdd][b]You've discovered the ancient Talon Temple of Harvest.\nLook for a way into the temple's underground caverns.\nWe intercepted Talon chiefs discussing ancient AI technology at this location.[/b]\n[b]Arcadian higher ups want to get their hands on it.[/b][-][/c],,,,,,,,,,,,,,,,
pda_YuWGK4K,[c][ababab][b]Look for a laboratory inside.[/b][-][/c],,,,,,,,,,,,,,,,
pda_uK80qOi,[c][04ecdd][b]There's the AI interface.[/b]\n[b]You need to bring it offline so Arcadian scientists can safely exfiltrate the data.[/b][-][/c],,,,,,,,,,,,,,,,
pda_i8WuM6m,[c][04ecdd][b]That should have done it.\nDispatching Arcadian scientists to your location.\nGo on ahead to see if you can find a better way in for them.[/b][-][/c],,,,,,,,,,,,,,,,
pda_CiaOo0O,"[c][04ecdd][b]Perfect. The science team will enter here.\nProceed to the exit portal, but don't forget the loot![/b][-][/c]",,,,,,,,,,,,,,,,
pda_pWeKe4O,[b]Arcadia:[c][ecf000] Red Water[-][/c][/b],,,,,,,,,,,,,,,,
pda_mkWOe4a,[b][c][ff0000]Red [-][/c][c][ff0000]Water [-][/c][c][ffffff]| [-][/c][c][ff8800][-][/c][c][ecf000]Planet Shangri-La Sim[-][/c][/b]\n[c][1083fe]Zirax distillers are urgently searching out a new recipe after several failed batches of their notoriously horrible brew. [-][/c]\n[c][1083fe]Desperate times call for desperate measures.[-][/c]\n[c][9da805](Activate via PDA)[-][/c],,,,,,,,,,,,,,,,
pda_mKKKC4q,"[c][ff0000][b]Zirax Command[/b][-][/c]\n[c][a30000][b]*Unencrypted Message*[/b][-][/c]\nOur drinks are no longer popular and aren't selling. We weighed some options, like killing anyone who leaves us bad reviews. \nAfter much deliberation it was decided maximum profit could be achieved via rebranding with a new recipe. \nNow we just need to find a recipe. You'll help us with this. We'll be in touch shortly.",,,,,,,,,,,,,,,,
pda_CWo0KCK,Visit Inferno Club,,,,,,,,,,,,,,,,
pda_4qCCwO4,Visit Inferno Club,,,,,,,,,,,,,,,,
pda_oG0wqC8,Speak with the Zirax agent at the Inferno Club,,,,,,,,,,,,,,,,
pda_4i4Kq5O,Find the manager,,,,,,,,,,,,,,,,
pda_488AKtS,Find the manager,,,,,,,,,,,,,,,,
pda_aimaaiu,Find the manager,,,,,,,,,,,,,,,,
pda_m4Su0S0,Enter the club,,,,,,,,,,,,,,,,
pda_4uuCMCG,Enter the club,,,,,,,,,,,,,,,,
pda_ummW4qa,Enter the club,,,,,,,,,,,,,,,,
pda_0auKeCW,Speak with the Zirax agent,,,,,,,,,,,,,,,,
pda_0m0Kaea,Speak with the Zirax agent,,,,,,,,,,,,,,,,
pda_Si0iuWa,Speak with the Zirax agent,,,,,,,,,,,,,,,,
pda_SuW4SO8,Unlock the elevator,,,,,,,,,,,,,,,,
pda_8G0q0aw,Unlock the elevator,,,,,,,,,,,,,,,,
pda_i4KW4Wa,Unlock the elevator,,,,,,,,,,,,,,,,
pda_e4W0eKC,Take the elevator,,,,,,,,,,,,,,,,
pda_9WWaS80,Take the elevator,,,,,,,,,,,,,,,,
pda_OY044k4,Take the elevator,,,,,,,,,,,,,,,,
pda_a4imWaG,Find a way inside,,,,,,,,,,,,,,,,
pda_KOi0ieO,Find a way inside,,,,,,,,,,,,,,,,
pda_qSW8CA8,Find a way inside,,,,,,,,,,,,,,,,
pda_GWWK7eh,Flip the switch,,,,,,,,,,,,,,,,
pda_ui0CK2a,Flip the switch,,,,,,,,,,,,,,,,
pda_KKeWOKC,Find the loot,,,,,,,,,,,,,,,,
pda_ac20m0o,Find the loot,,,,,,,,,,,,,,,,
pda_GimeWi8,Find the loot,,,,,,,,,,,,,,,,
pda_iCaeK4u,Speak with the manager again,,,,,,,,,,,,,,,,
pda_SGOSk4S,Speak with the manager again,,,,,,,,,,,,,,,,
pda_iiu0HuK,Speak with the manager again,,,,,,,,,,,,,,,,
pda_YSK8ci4,Find TOP Brewery,,,,,,,,,,,,,,,,
pda_qWqiu0q,Find TOP Brewery,,,,,,,,,,,,,,,,
pda_qG4WSOa,Find TOP Brewery,,,,,,,,,,,,,,,,
pda_uKCCuqe,Stop by the office,,,,,,,,,,,,,,,,
pda_Cu8OW4m,Stop by the office,,,,,,,,,,,,,,,,
pda_48ua08q,Stop by the office,,,,,,,,,,,,,,,,
pda_OWK8iS4,Speak with the operations manager,,,,,,,,,,,,,,,,
pda_iWS44OW,Find the operations manager,,,,,,,,,,,,,,,,
pda_8OGG4Wu,Find the operations manager,,,,,,,,,,,,,,,,
pda_eW80eKS,Speak with the operations manager,,,,,,,,,,,,,,,,
pda_KCu20G1,Speak with the operations manager,,,,,,,,,,,,,,,,
pda_4mCqq8A,Find Ulfric,,,,,,,,,,,,,,,,
pda_aaGqm8u,Find Ulfric,,,,,,,,,,,,,,,,
pda_OmmCu8q,Find Ulfric,,,,,,,,,,,,,,,,
pda_am6mWSS,Speak with Ulfric,,,,,,,,,,,,,,,,
pda_qiSuqi8,Speak with Ulfric,,,,,,,,,,,,,,,,
pda_OSqsiOm,Do Ulfric's bidding,,,,,,,,,,,,,,,,
pda_qeKIeaa,Turn off the filtration system,,,,,,,,,,,,,,,,
pda_vuKeiC8,Turn off the filtration system,,,,,,,,,,,,,,,,
pda_u4eCa0i,Turn on the redwater pumps,,,,,,,,,,,,,,,,
pda_gG4KT8e,Turn on the redwater pumps,,,,,,,,,,,,,,,,
pda_eSmKKGG,Find filtration cutoff switch,,,,,,,,,,,,,,,,
pda_i80maaG,Find redwater pump controls,,,,,,,,,,,,,,,,
pda_CUmqaeW,Find filtration cutoff switch,,,,,,,,,,,,,,,,
pda_G8iuOWK,Find redwater pump controls,,,,,,,,,,,,,,,,
pda_SOKSeiO,Protect Ulfric,,,,,,,,,,,,,,,,
pda_oGWSGQi,Protect Ulfric,,,,,,,,,,,,,,,,
pda_uO4i1up,Survive the Zirax attack waves,,,,,,,,,,,,,,,,
pda_8q8Seua,Visit Ulfric,,,,,,,,,,,,,,,,
pda_qeS8e0S,Visit Ulfric,,,,,,,,,,,,,,,,
pda_6eeKOmq,Visit Ulfric,,,,,,,,,,,,,,,,
pda_OOui6M2,Gain Access to the stash,,,,,,,,,,,,,,,,
pda_8CGWGeW,Gain Access to the stash,,,,,,,,,,,,,,,,
pda_uqAmGOE,Gain Access to the stash,,,,,,,,,,,,,,,,
pda_8w48SiO,Grab the beer,,,,,,,,,,,,,,,,
pda_C8miGq0,Grab the beer,,,,,,,,,,,,,,,,
pda_mGeYLme,Grab the beer,,,,,,,,,,,,,,,,
pda_S6tKaKW,"[c][ff8800][b]Club Manager[/b][-][/c]\n[c][ff8800]Thanks for cleaning up down there. Enjoy the loot. \nI've got a lead on a recipe. Head over to TOP Brewery and check in with the local brew master, Ulfric.\nI'm told he's a disgruntled worker who might be persuaded to give up the TOP recipe.[-][/c]",,,,,,,,,,,,,,,,
pda_uC48iS0,Incoming Message,,,,,,,,,,,,,,,,
pda_Cari9Wm,Incoming Message,,,,,,,,,,,,,,,,
pda_GGCSaie,[c][ff0000][b]Zirax Command[/b][-][/c]\n[c][a30000][b]*Unencrypted Message*[/b][-][/c]\nHead over to the Inferno Club and speak with our inside operative in club management. \nThey should know how we can get our hands on a new brewing recipe.,,,,,,,,,,,,,,,,
pda_a4aO4K4,"[c][04ecdd][b]Operations Manager[/b]\nWhat are you doing over there? \nSecurity, [i]intruder[/i]![-][/c]",,,,,,,,,,,,,,,,
pda_OSWKWSi,[c][ecf000][b]Ulfric[/b]\nCrap! We're about to be under heavy attack!\nDefend me! I must complete the brewing process![-][/c],,,,,,,,,,,,,,,,
pda_Dmu7SoG,[b][c][a30000]Multiple troops inbound to the loading docks.[-][/c]\n[c][a30000]Take cover and defend TOP Brewery against the attack.[-][/c][/b]\n[c][ababab](The first wave will arrive in 30 seconds)[-][/c],,,,,,,,,,,,,,,,
pda_OK80aqq,"[c][ecf000][b]Ulfric[/b]\nThanks for buying me some time. And saving my life. \nHere, I've finished the new batch. It's [i]terrible[/i]! Ha![-][/c]\n[c][ffffff](Write down Ulfric's recipe on a [i]PastyNote[/i]™)[-][/c]",,,,,,,,,,,,,,,,
pda_qk8uGWa,"[c][ecf000][b]Ulfric[/b]\nHey, there's a switch up above me. Check the hidden compartment.\nIt's only right I give you some primo brews from my private stash.[-][/c]",,,,,,,,,,,,,,,,
pda_XKiiaKS,[b]Arcadia:[c][ecf000] PirateNet[-][/c][/b],,,,,,,,,,,,,,,,
pda_m4m4uG7,Find PirateNet,,,,,,,,,,,,,,,,
pda_aiCKKS8,Find PirateNet,,,,,,,,,,,,,,,,
pda_Ke4KSum,Find PirateNet,,,,,,,,,,,,,,,,
pda_0Su0qHS,Enter PirateNet Datacenter,,,,,,,,,,,,,,,,
pda_KWKauO8,Enter PirateNet Datacenter,,,,,,,,,,,,,,,,
pda_Ua08GYa,Enter PirateNet Datacenter,,,,,,,,,,,,,,,,
pda_0e4uOmu,Sabotage,,,,,,,,,,,,,,,,
pda_eSGqqKe,Take a database cluster offline,,,,,,,,,,,,,,,,
pda_8K4uKC8,Take a database cluster offline,,,,,,,,,,,,,,,,
pda_OmeUCsg,Take load balancers offline,,,,,,,,,,,,,,,,
pda_4CWeCCG,Take load balancers offline,,,,,,,,,,,,,,,,
pda_Kmq0iS4,Take out hostile personnel,,,,,,,,,,,,,,,,
pda_iiqKOe0,Take out hostile personnel,,,,,,,,,,,,,,,,
pda_aWiaqKS,Eliminate AssaultMech,,,,,,,,,,,,,,,,
pda_0WS4eLW,Eliminate AssaultMech,,,,,,,,,,,,,,,,
pda_CuOqv00,Security Inbound,,,,,,,,,,,,,,,,
pda_Oqi4CC0,Security Inbound,,,,,,,,,,,,,,,,
pda_qq8SeGK,Finish looting the facility,,,,,,,,,,,,,,,,
pda_SS48Gau,Finish looting the facility,,,,,,,,,,,,,,,,
pda_SmP8PSS,Finish looting the facility,,,,,,,,,,,,,,,,
pda_m0amuO4,[b][c][ecf000]PirateNet [-][/c][c][ffffff]|[-][/c][/b][b][c][ecf000] Planet Shangri-La Sim[-][/c][/b]\n[c][1083fe]We need an agent saboteur to ensure Arcadia IP doesn't end up in the hands of the competition. The Pirates have threatened to leak our private database on PirateNet.[-][/c]\n[c][9da805](Activate via PDA)[-][/c],,,,,,,,,,,,,,,,
pda_K0u4WeF,[b]Arcadia:[c][ecf000] Syndicate Lab[-][/c][/b],,,,,,,,,,,,,,,,
pda_4C0W4qu,Find the Ocean Lab,,,,,,,,,,,,,,,,
pda_0qoLiiO,Find the Ocean Lab,,,,,,,,,,,,,,,,
pda_mO0Su0K,Find the Ocean Lab,,,,,,,,,,,,,,,,
pda_ia0OmeS,Get intel from the locals,,,,,,,,,,,,,,,,
pda_IqaaeiG,Get intel from the locals,,,,,,,,,,,,,,,,
pda_OaiaOSG,Speak with the Talon fishing boat captains,,,,,,,,,,,,,,,,
pda_iK4iuq2,Find the lab entrance,,,,,,,,,,,,,,,,
pda_WmOZ8WC,Find the lab entrance,,,,,,,,,,,,,,,,
pda_4uoCiee,Find the lab entrance,,,,,,,,,,,,,,,,
pda_4qiKWqu,Access the upper lab,,,,,,,,,,,,,,,,
pda_aSqSqoO,Access the upper lab,,,,,,,,,,,,,,,,
pda_a0WGmmS,Access the upper lab,,,,,,,,,,,,,,,,
pda_WSCmqk0,Flip the access switch,,,,,,,,,,,,,,,,
pda_eGSCGm8,Flip the access switch,,,,,,,,,,,,,,,,
pda_0GGWSWe,Flip the access switch,,,,,,,,,,,,,,,,
pda_m0A0s08,Find the chief,,,,,,,,,,,,,,,,
pda_K6W0O0W,Find the chief,,,,,,,,,,,,,,,,
pda_CGaK4ia,Find the chief,,,,,,,,,,,,,,,,
pda_SW4eGum,Blow up the core,,,,,,,,,,,,,,,,
pda_8mWaimK,Flip the core switch,,,,,,,,,,,,,,,,
pda_mu0i8Gn,Flip the core switch,,,,,,,,,,,,,,,,
pda_kCeeG8W,"[b][c][ecf000]Syndicate Lab [-][/c][c][ffffff]|[-][/c][/b][b][c][ecf000] Planet Shangri-La Sim[-][/c][/b]\n[c][1083fe]Rumors are spreading fast about a nearby facility - something is wrong, and we need to get eyes in there. Investigate Syndicate Lab and find out what they’re doing. [-][/c][c][1083fe]The situation may be dangerous and unpredictable so seek out any local contacts for intel, then act fast once you know what you’re dealing with.[-][/c]\n[c][9da805](Activate via PDA)[-][/c]",,,,,,,,,,,,,,,,
pda_808kSeW,Finish looting and exit the facility,,,,,,,,,,,,,,,,
pda_WCSKGS6,Finish looting and exit the facility,,,,,,,,,,,,,,,,
pda_a8w8OKI,Finish looting and exit the facility,,,,,,,,,,,,,,,,
pda_uum00mO,[b]Arcadia:[c][ecf000] Prison Break[-][/c][/b],,,,,,,,,,,,,,,,
pda_UCuSU88,Find the lunar prison,,,,,,,,,,,,,,,,
pda_84qWmO4,Find the lunar prison,,,,,,,,,,,,,,,,
pda_iak4KSi,Find the lunar prison,,,,,,,,,,,,,,,,
pda_uaiCSmI,Go to the lobby,,,,,,,,,,,,,,,,
pda_aeuaaae,Go to the lobby,,,,,,,,,,,,,,,,
pda_KwiamqQ,Go to the lobby,,,,,,,,,,,,,,,,
pda_iOtiWeM,Access the prison,,,,,,,,,,,,,,,,
pda_NCeu4SW,Access the prison,,,,,,,,,,,,,,,,
pda_ua2i4G4,Access the prison,,,,,,,,,,,,,,,,
pda_uMwiqGc,Find a way into the main entrance,,,,,,,,,,,,,,,,
pda_G1e4OiW,Find a way into the main entrance,,,,,,,,,,,,,,,,
pda_0SuiiUi,Find a way into the main entrance,,,,,,,,,,,,,,,,
pda_K4KmC0S,Find a way to access the lower levels,,,,,,,,,,,,,,,,
pda_K8GC6Ge,Find a way to access the lower levels,,,,,,,,,,,,,,,,
pda_4muqSuS,Find a way to access the lower levels,,,,,,,,,,,,,,,,
pda_8SWC0oO,Find security room,,,,,,,,,,,,,,,,
pda_WCiKitO,Find security room,,,,,,,,,,,,,,,,
pda_i4qiGCm,Gain access to the core room,,,,,,,,,,,,,,,,
pda_iqmKioG,Gain access to the core room,,,,,,,,,,,,,,,,
pda_YmW0qO0,Find security room,,,,,,,,,,,,,,,,
pda_SudMeaO,Gain access to the core room,,,,,,,,,,,,,,,,
pda_8iqGGMS,Overload the core,,,,,,,,,,,,,,,,
pda_OqGeWGS,Overload the core,,,,,,,,,,,,,,,,
pda_uKO0CSK,Overload the core,,,,,,,,,,,,,,,,
pda_KCimiOe,Visit cell block B4,,,,,,,,,,,,,,,,
pda_0KWaCmK,Visit cell block B4,,,,,,,,,,,,,,,,
pda_WKJ09C0,Visit cell block B4,,,,,,,,,,,,,,,,
pda_msucquq,Speak with the prisoner,,,,,,,,,,,,,,,,
pda_q4aiKOG,Go to the prisoner,,,,,,,,,,,,,,,,
pda_WYLssKS,Go to the prisoner,,,,,,,,,,,,,,,,
pda_uSuOKBw,Speak with the prisoner,,,,,,,,,,,,,,,,
pda_aeKmWCS,Speak with the prisoner,,,,,,,,,,,,,,,,
pda_mmqOoiS,Exit the prison,,,,,,,,,,,,,,,,
pda_W4efLuW,Exit the prison,,,,,,,,,,,,,,,,
pda_OSKmmOS,Exit the prison,,,,,,,,,,,,,,,,
pda_ueKSK7O,"[b][c][ecf000]Prison Break [-][/c][c][ffffff]|[-][/c][/b][b][c][ecf000] Planet Shangri-La Sim[-][/c][/b]\n[c][1083fe]Enemy forces are transporting a VIP to maximum security. Intercept the convoy and attempt to recue the VIP en-route. If interception is unsuccessful, proceed directly to the prison and attempt VIP extraction.[-][/c]\n[c][9da805](Activate via PDA)[-][/c][c][1083fe][-][/c]",,,,,,,,,,,,,,,,
pda_mmSmZ84,[b]Arcadia:[c][04ecdd] Syndicate Lair[-][/c][/b],,,,,,,,,,,,,,,,
pda_WqeGieW,Go to the portal,,,,,,,,,,,,,,,,
pda_eKeqeOl,Go to the portal,,,,,,,,,,,,,,,,
pda_iKOQCeC,It's on Arcadia Station,,,,,,,,,,,,,,,,
pda_4SuuCxC,Arrive at Syndicate Lair,,,,,,,,,,,,,,,,
pda_8imOaOO,Arrive at Syndicate Lair,,,,,,,,,,,,,,,,
pda_G4e00Ku,Proceed into the lair,,,,,,,,,,,,,,,,
pda_uGsK4eW,Solve Door Code,,,,,,,,,,,,,,,,
pda_m8aaS8C,Arrive at Syndicate Lair,,,,,,,,,,,,,,,,
pda_R2SOm8C,Solve Door Code,,,,,,,,,,,,,,,,
pda_i84W80i,Find the secret entrance,,,,,,,,,,,,,,,,
pda_KQSCCSS,Find the secret entrance,,,,,,,,,,,,,,,,
pda_Cuiqi8O,Find the secret entrance,,,,,,,,,,,,,,,,
pda_i80SuUS,Complete Mission Objectives,,,,,,,,,,,,,,,,
pda_uiqW0CS,Take out sentry guns,,,,,,,,,,,,,,,,
pda_C9meW4i,Take out sentry guns,,,,,,,,,,,,,,,,
pda_SKSe48G,Eliminate Enemies,,,,,,,,,,,,,,,,
pda_eiWuqCa,Eliminate Enemies,,,,,,,,,,,,,,,,
pda_ee8Suqu,Locate Portal Room,,,,,,,,,,,,,,,,
pda_G4aWuuq,Locate Portal Room,,,,,,,,,,,,,,,,
pda_VaicGSC,Power the portal,,,,,,,,,,,,,,,,
pda_U8OKGOW,Power the portal,,,,,,,,,,,,,,,,
pda_meOS880,Explore the base for loot,,,,,,,,,,,,,,,,
pda_CGg48Cp,Explore the base for loot,,,,,,,,,,,,,,,,
pda_KK04OSq,Explore the base for loot,,,,,,,,,,,,,,,,
pda_GiKWOOa,[b][c][04ecdd]Syndicate Lair [-][/c][/b][b][c][ff8800][-][/c][c][ffffff]|[-][/c][/b][b][c][04ecdd] Planet Aethon Sim[-][/c][/b]\n[c][1083fe]The evil robotics syndicate is performing horrible science experiments within their lair. You need to go in and carefully navigate the robotics of the facility while taking out any threats and acquiring any valuable loot.[-][/c]\n[c][9da805](Activate via PDA)[-][/c],,,,,,,,,,,,,,,,
pda_uWSeemC,[b]Arcadia:[c][ecf000] Abandoned Pyramid[-][/c][/b],,,,,,,,,,,,,,,,
pda_iCaOSae,[b]Arcadia: [c][ff8800]Legacy Dreadnaught[-][/c][/b],,,,,,,,,,,,,,,,
pda_gkKL40O,"[b][c][ff8800]Legacy Dreadnaught [-][/c][c][ffffff]|[-][/c][c][ff8800] Arcadia Space Sim[-][/c][/b]\n[c][1083fe]A NEW Arcadia VR Simulation. UCH has successfully EMP'd an Infested Dreadnaught.[-][/c]\n[c][1083fe]The power situation is still highly unstable. You're going in to attempt to stabilize, then take control of the ship and salvage high value tech.[-][/c]\n[c][9da805](Activate via PDA)[-][/c]",,,,,,,,,,,,,,,,
pda_SWa8eCg,[b][c][ecf000]Abandoned Pyramid [-][/c][c][ffffff]|[-][/c][/b][b][c][ecf000] Planet Shangri-La Sim[-][/c][/b]\n[c][1083fe]Pirate smugglers were overheard cursing up a storm - apparently they lost half their squad while attempting to exfiltrate a haul of gold from an Abandoned Pyramid. [-][/c][c][1083fe]They’re packing up what they can and loading their craft - trying to get off-planet before the next problem finds them.[-][/c]\n[c][9da805](Activate via PDA)[-][/c],,,,,,,,,,,,,,,,
pda_aC08G8l,Go to the portal,,,,,,,,,,,,,,,,
pda_0memCSe,Go to the portal,,,,,,,,,,,,,,,,
pda_WaOAKOi,It's on Arcadia Station,,,,,,,,,,,,,,,,
pda_qmC8m0G,Go to the portal,,,,,,,,,,,,,,,,
pda_m0OqC0A,Go to the portal,,,,,,,,,,,,,,,,
pda_aC0m0OO,It's on Arcadia Station,,,,,,,,,,,,,,,,
pda_eqqa8SC,Go to the portal,,,,,,,,,,,,,,,,
pda_G8Wl0aC,Go to the portal,,,,,,,,,,,,,,,,
pda_meSWWWu,It's on Arcadia Station,,,,,,,,,,,,,,,,
pda_8m8GV0K,Go to the portal,,,,,,,,,,,,,,,,
pda_4eSiKDS,Go to the portal,,,,,,,,,,,,,,,,
pda_mqCmOaa,It's on Arcadia Station,,,,,,,,,,,,,,,,
pda_BGqCi4G,Go to the portal,,,,,,,,,,,,,,,,
pda_ume4W0K,Go to the portal,,,,,,,,,,,,,,,,
pda_KWmwSaC,It's on Arcadia Station,,,,,,,,,,,,,,,,
pda_6eGC0mq,[c][ff0000][b]Challenge 1. Get Ready![/b][-][/c],,,,,,,,,,,,,,,,
pda_4eKGnKb,[c][ff0000][b]Challenge 2. Get Ready![/b][-][/c],,,,,,,,,,,,,,,,
pda_CG4Kamq,[c][ff0000][b]Final Challenge. Get Ready![/b][-][/c],,,,,,,,,,,,,,,,
pda_S4umSau,Finish looting the facility,,,,,,,,,,,,,,,,
pda_aui0a88,Finish looting the facility,,,,,,,,,,,,,,,,
pda_iqClaqO,Finish looting the facility,,,,,,,,,,,,,,,,
pda_4mOI6i4,Find the prisoner transport ship,,,,,,,,,,,,,,,,
pda_4SKiGie,Find the prisoner transport ship,,,,,,,,,,,,,,,,
pda_KSG8mOK,Find the prisoner transport ship,,,,,,,,,,,,,,,,
pda_eKuqee4,Gain entrance to the ship,,,,,,,,,,,,,,,,
pda_K9R0aKi,Take out the sentry guns,,,,,,,,,,,,,,,,
pda_QCOmGeq,Take out the sentry guns,,,,,,,,,,,,,,,,
pda_qS4DGKa,Take out the security robots,,,,,,,,,,,,,,,,
pda_KCuOX88,Take out the security robots,,,,,,,,,,,,,,,,
pda_u8oCWWK,Find the prisoner,,,,,,,,,,,,,,,,
pda_maSmR0q,Find the prisoner,,,,,,,,,,,,,,,,
pda_8WG8OW0,Find the prisoner,,,,,,,,,,,,,,,,
pda_GuvEiiG,Speak with the prisoner,,,,,,,,,,,,,,,,
pda_uq0qkKC,Speak with the prisoner,,,,,,,,,,,,,,,,
pda_eCJuSqO,Speak with the prisoner,,,,,,,,,,,,,,,,
pda_W4eKEdC,Find the prisoner's secret stash,,,,,,,,,,,,,,,,
pda_0mCO4WW,Find the prisoner's secret stash,,,,,,,,,,,,,,,,
pda_0488ee4,Find the prisoner's secret stash,,,,,,,,,,,,,,,,
pda_m8i0qyG,Find the pirate relay station,,,,,,,,,,,,,,,,
pda_O48aICa,Find the pirate relay station,,,,,,,,,,,,,,,,
pda_eMeSamK,Find the pirate relay station,,,,,,,,,,,,,,,,
pda_Ks0mmeR,Infiltrate the pirate relay station,,,,,,,,,,,,,,,,
pda_OeRu0aS,Take out sentry guns,,,,,,,,,,,,,,,,
pda_0uq8SuC,Take out sentry guns,,,,,,,,,,,,,,,,
pda_m4WeKGm,Shutdown the radio signal,,,,,,,,,,,,,,,,
pda_aFaOeX4,Shutdown the radio signal,,,,,,,,,,,,,,,,
pda_maOemEW,Shutdown the radio signal,,,,,,,,,,,,,,,,
pda_OmimqIC,Take out security bots,,,,,,,,,,,,,,,,
pda_KGCw0O8,Take out security bots,,,,,,,,,,,,,,,,
pda_K0muOGm,Take out the core,,,,,,,,,,,,,,,,
pda_eOCuW8T,Take out the core,,,,,,,,,,,,,,,,
pda_Sia6ig8,Take out the core,,,,,,,,,,,,,,,,
pda_iCumuiC,Please standby,,,,,,,,,,,,,,,,
pda_m0uSKiY,Please standby,,,,,,,,,,,,,,,,
pda_muWKqxO,Please standby,,,,,,,,,,,,,,,,
pda_au04eWG,Return to Arcadia Portal,,,,,,,,,,,,,,,,
pda_u0eiKa4,Return to Arcadia Portal,,,,,,,,,,,,,,,,
pda_VauSCue,Return to Arcadia Portal,,,,,,,,,,,,,,,,
pda_SmWmuK8,Return to Arcadia Portal,,,,,,,,,,,,,,,,
pda_KoWmqaS,Return to Arcadia Portal,,,,,,,,,,,,,,,,
pda_V8eS440,Return to Arcadia Portal,,,,,,,,,,,,,,,,
pda_iC4mkmq,Return to Arcadia Portal,,,,,,,,,,,,,,,,
pda_0ucC804,Return to Arcadia Portal,,,,,,,,,,,,,,,,
pda_8iKK4WS,Return to Arcadia Portal,,,,,,,,,,,,,,,,
pda_8q848OW,Return to Arcadia Portal,,,,,,,,,,,,,,,,
pda_iQCSuma,Return to Arcadia Portal,,,,,,,,,,,,,,,,
pda_CwLCC0S,Return to Arcadia Portal,,,,,,,,,,,,,,,,
pda_awaOGA0,Return to Arcadia Portal,,,,,,,,,,,,,,,,
pda_aSOqOKO,Return to Arcadia Portal,,,,,,,,,,,,,,,,
pda_uHGWCeO,Return to Arcadia Portal,,,,,,,,,,,,,,,,
pda_KSG8g8K,Find the gold smugglers,,,,,,,,,,,,,,,,
pda_ua0geC4,Find the gold smugglers,,,,,,,,,,,,,,,,
pda_uKCm0KW,Find the gold smugglers,,,,,,,,,,,,,,,,
pda_qOZ88WO,Eliminate the smugglers,,,,,,,,,,,,,,,,
pda_emKK88i,Take out the smugglers,,,,,,,,,,,,,,,,
pda_Oq88ieG,Eliminate the smugglers,,,,,,,,,,,,,,,,
pda_aOeOKaC,Take out sentry guns,,,,,,,,,,,,,,,,
pda_qWlW4mC,Take out sentry guns,,,,,,,,,,,,,,,,
pda_mWe4aam,Find the gold stash,,,,,,,,,,,,,,,,
pda_780GGKC,Find the gold stash,,,,,,,,,,,,,,,,
pda_WGK0a8i,Find the gold stash,,,,,,,,,,,,,,,,
pda_SkmC47K,Please standby,,,,,,,,,,,,,,,,
pda_OaaiO8a,Please standby,,,,,,,,,,,,,,,,
pda_WKqOOeK,Please standby,,,,,,,,,,,,,,,,
pda_0884WOa,Enter the pyramid,,,,,,,,,,,,,,,,
pda_SSGuQ8S,Enter the pyramid,,,,,,,,,,,,,,,,
pda_SgaSC8e,Enter the pyramid,,,,,,,,,,,,,,,,
pda_JK8OWcm,Find the secret gold stashes,,,,,,,,,,,,,,,,
pda_CuKaqEW,Find the secret gold stashes (Stash 1),,,,,,,,,,,,,,,,
pda_8uOa8W8,Find the secret gold stashes,,,,,,,,,,,,,,,,
pda_ueGOKC4,Find the secret gold stashes (Stash 2),,,,,,,,,,,,,,,,
pda_4uGc8GK,Find the secret gold stashes,,,,,,,,,,,,,,,,
pda_mGa80bu,Find the secret gold stashes (Stash 3),,,,,,,,,,,,,,,,
pda_GKmCC80,Find the secret gold stashes,,,,,,,,,,,,,,,,
pda_qO2KCKa,Please standby,,,,,,,,,,,,,,,,
pda_OWe4q40,Please standby,,,,,,,,,,,,,,,,
pda_Gi88quO,Please standby,,,,,,,,,,,,,,,,
pda_8a8be6K,Return to Arcadia Portal,,,,,,,,,,,,,,,,
pda_SV2OqGo,Return to Arcadia Portal,,,,,,,,,,,,,,,,
pda_4mGsCaG,Return to Arcadia Portal,,,,,,,,,,,,,,,,
pda_sK2CumO,Go to the portal,,,,,,,,,,,,,,,,
pda_0I0mOu0,Go to the portal,,,,,,,,,,,,,,,,
pda_GD0aCeK,Go to the portal,,,,,,,,,,,,,,,,
pda_a40CSf8,[b]Arcadia: [c][ff8800]DeathMart[-][/c][/b],,,,,,,,,,,,,,,,
pda_bmZuqKG,[c][ff8800][b]DeathMart [/b][-][/c][b][c][ff8800][-][/c][c][ffffff]|[-][/c][c][ff8800] Arcadia Space Sim[-][/c][/b]\n[c][ffffff](COMING SOON)[-][/c]\n[c][1083fe]A NEW Arcadia VR Simulation. The Zirax have invaded FreshMart![-][/c]\n[c][1083fe]The workers have barricaded themselves and are awaiting rescue.[-][/c]\n[c][9da805](Activate via PDA)[-][/c],,,,,,,,,,,,,,,,
pda_aS84emq,Autocomplete,,,,,,,,,,,,,,,,
pda_4WqGSqI,Autocomplete,,,,,,,,,,,,,,,,
pda_8iiOGaS,Autocomplete,,,,,,,,,,,,,,,,
pda_SuCGmSm,"[c][1083fe]ArcadiaVR engineers are still working on this sim and it will be released soon![-][/c]\n[c][1083fe]You can use the sim, but it's not connected to PDA or leaderboards yet.[-][/c]",,,,,,,,,,,,,,,,
pda_au48SPW,[b]Arcadia: [c][04ecdd][-][/c][c][00ff88]The Arena[-][/c][/b],,,,,,,,,,,,,,,,
pda_20qGuum,[b][c][00ff88]The Arena [-][/c][c][04ecdd][-][/c][c][ffffff]| [-][/c][c][04ecdd][-][/c][c][00ff88]Planet Medusa Sim[-][/c][/b]\n[c][1083fe]A NEW Arcadia VR Simulation. Brawl it out ad gladiatorium in the Talon tribal arena.[-][/c]\n[c][9da805](Activate via PDA)[-][/c],,,,,,,,,,,,,,,,
pda_CaKqu4G,[b]Arcadia:[c][00ff88] [i][b]Infested[/b][/i] Deep Mine[-][/c][/b],,,,,,,,,,,,,,,,
pda_6uqmOqe,[b][c][00ff88][i][b]Infested [/b][/i]Deep Mine [-][/c][c][ffffff]|[-][/c][c][00ff88] Planet Medusa Sim[-][/c][/b]\n[c][1083fe]A NEW Arcadia VR Simulation. The mine's laser recently uncovered what appear to be Legacy caverns and the crew pulled out. You're to get in there and investigate and eliminate any threats so mining operations can resume.[-][/c]\n[c][9da805](Activate via PDA)[-][/c],,,,,,,,,,,,,,,,
pda_SeG7G4q,[b]Arcadia: [c][04ecdd][-][/c][c][00ff88][i][b]Infested [/b][/i]Mine[-][/c][/b],,,,,,,,,,,,,,,,
pda_mOGGi4u,[b][c][00ff88][i][b]Infested [/b][/i]Mine [-][/c][c][ffffff]| [-][/c][c][04ecdd][-][/c][c][00ff88]Planet Medusa Sim[-][/c][/b]\n[c][1083fe]A NEW Arcadia VR Simulation. A cryogenic gas leak has suspended mining operations after the legacy were attracted to the toxic gasses. The crew pulled out last week. We're sending you to get the place cleaned up.[-][/c]\n[c][9da805](Activate via PDA)[-][/c],,,,,,,,,,,,,,,,
pda_S80ummq,Go to the arena,,,,,,,,,,,,,,,,
pda_04eSSCS,Go to the arena,,,,,,,,,,,,,,,,
pda_tO4GaCK,Go to the arena,,,,,,,,,,,,,,,,
pda_8SCuues,Speak with the GameMaster,,,,,,,,,,,,,,,,
pda_K0uii4a,Speak with the GameMaster,,,,,,,,,,,,,,,,
pda_4OiI4OC,Speak with the GameMaster,,,,,,,,,,,,,,,,
pda_88Oe4a8,Enter the games,,,,,,,,,,,,,,,,
pda_aJJuuem,Enter the games,,,,,,,,,,,,,,,,
pda_WeeK84W,Enter the games,,,,,,,,,,,,,,,,
pda_e4GqieK,Compete in the games,,,,,,,,,,,,,,,,
pda_oGbqWWi,Visit the Flame of the Fallen Kin,,,,,,,,,,,,,,,,
pda_qiKI09I,Visit the Flame of the Fallen Kin,,,,,,,,,,,,,,,,
pda_8WSGGWm,Visit the ScaleFather's Sigil,,,,,,,,,,,,,,,,
pda_Oiriuam,Visit the ScaleFather's Sigil,,,,,,,,,,,,,,,,
pda_iGdQCCe,Visit the Bloodroot Tree,,,,,,,,,,,,,,,,
pda_SCG0eqO,Visit the Bloodroot Tree,,,,,,,,,,,,,,,,
pda_iCaiWWY,Eliminate enemies,,,,,,,,,,,,,,,,
pda_G8G4oW4,Eliminate enemies,,,,,,,,,,,,,,,,
pda_O8u8Cqf,Wait for gamemaster announcement,,,,,,,,,,,,,,,,
pda_0S4Vueq,Wait for gamemaster announcement,,,,,,,,,,,,,,,,
pda_SeS4e8a,Wait for gamemaster announcement,,,,,,,,,,,,,,,,
pda_qaiC140,Go to the Legacy Dreadnaught,,,,,,,,,,,,,,,,
pda_SiuwgGO,Go to the Legacy Dreadnaught,,,,,,,,,,,,,,,,
pda_t4qiWau,Go to the Legacy Dreadnaught,,,,,,,,,,,,,,,,
pda_eSCSWeO,Enter the ship,,,,,,,,,,,,,,,,
pda_emWKe6G,Enter the ship,,,,,,,,,,,,,,,,
pda_exu084w,Enter the ship,,,,,,,,,,,,,,,,
pda_eqm0Wqq,Find Engineering,,,,,,,,,,,,,,,,
pda_4WwdKKm,Find Engineering,,,,,,,,,,,,,,,,
pda_GZCeKmC,Find Engineering,,,,,,,,,,,,,,,,
pda_8W8Oa0e,Find a way onto the bridge,,,,,,,,,,,,,,,,
pda_8W7YkK4,Find Engineering,,,,,,,,,,,,,,,,
pda_4YcqOWG,Find Engineering,,,,,,,,,,,,,,,,
pda_S00WKeW,Unlock the bridge,,,,,,,,,,,,,,,,
pda_ieKSuKa,Unlock the bridge,,,,,,,,,,,,,,,,
pda_q4WKWGU,Unlock the bridge,,,,,,,,,,,,,,,,
pda_iuSCOei,Go to the bridge,,,,,,,,,,,,,,,,
pda_44u8Km8,Go to the bridge,,,,,,,,,,,,,,,,
pda_WiOqu8m,Go to the bridge,,,,,,,,,,,,,,,,
pda_a0am844,Please Standby,,,,,,,,,,,,,,,,
pda_aA0Bru8,Please Standby,,,,,,,,,,,,,,,,
pda_Ste0WSK,Please Standby,,,,,,,,,,,,,,,,
pda_1WKGiWC,Deactivate left wing security,,,,,,,,,,,,,,,,
pda_qKSOKCm,Deactivate left wing security,,,,,,,,,,,,,,,,
pda_OQOa0Oq,Deactivate left wing security,,,,,,,,,,,,,,,,
pda_e0OmKW4,Re-route power,,,,,,,,,,,,,,,,
pda_8OuiDSi,Re-route power,,,,,,,,,,,,,,,,
pda_WiiSi86,Re-route power,,,,,,,,,,,,,,,,
pda_Su8iKde,Return to bridge,,,,,,,,,,,,,,,,
pda_WiKSTae,Return to bridge,,,,,,,,,,,,,,,,
pda_KeSmCmg,Return to bridge,,,,,,,,,,,,,,,,
pda_u48C4O0,Deactivate right wing security,,,,,,,,,,,,,,,,
pda_CW8eOK8,Deactivate right wing security,,,,,,,,,,,,,,,,
pda_qeC0qCW,Deactivate right wing security,,,,,,,,,,,,,,,,
pda_Cqam04C,Find a SV to escape,,,,,,,,,,,,,,,,
pda_n0uG4Ci,Find a SV to escape,,,,,,,,,,,,,,,,
pda_S2i4SOo,Find a SV to escape,,,,,,,,,,,,,,,,
pda_Ku80uee,Fly the SV to the nearby station,,,,,,,,,,,,,,,,
pda_Oe40i4e,Fly the SV to the nearby station,,,,,,,,,,,,,,,,
pda_W50mmCW,Fly the SV to the nearby station,,,,,,,,,,,,,,,,
pda_GquOWcv,Standby for mission completion,,,,,,,,,,,,,,,,
pda_04D8qQP,Standby for mission completion,,,,,,,,,,,,,,,,
pda_ucu4S4e,Standby for mission completion,,,,,,,,,,,,,,,,
pda_euO0a8G,Go to the portal,,,,,,,,,,,,,,,,
pda_u8CquOx,Go to the portal,,,,,,,,,,,,,,,,
pda_iC048uS,Go to the portal,,,,,,,,,,,,,,,,
pda_4qGuSei,Go to the portal,,,,,,,,,,,,,,,,
pda_a8OSGuK,Go to the portal,,,,,,,,,,,,,,,,
pda_eKmOmmi,Go to the portal,,,,,,,,,,,,,,,,
pda_SS8u8Ce,Go to the portal,,,,,,,,,,,,,,,,
pda_Kaua44C,Go to the portal,,,,,,,,,,,,,,,,
pda_88u8S0u,Go to the portal,,,,,,,,,,,,,,,,
pda_amuqmCG,Go to the portal,,,,,,,,,,,,,,,,
pda_SVCmC0W,Go to the portal,,,,,,,,,,,,,,,,
pda_eaG8WGe,Go to the portal,,,,,,,,,,,,,,,,
pda_8WM8OmK,Checked-In,,,,,,,,,,,,,,,,
pda_6iu2omO,Checked-In,,,,,,,,,,,,,,,,
pda_OKqGGSS,Checked-In,,,,,,,,,,,,,,,,
pda_KWYBm0a,Proceed to boss fight,,,,,,,,,,,,,,,,
pda_KtaCi4m,Proceed to boss fight,,,,,,,,,,,,,,,,
pda_DASKKRW,Proceed to boss fight,,,,,,,,,,,,,,,,
pda_mmKYACK,Take out the boss tank,,,,,,,,,,,,,,,,
pda_OAO4Sne,Take out the boss tank,,,,,,,,,,,,,,,,
pda_CKKOSri,Take out the boss tank,,,,,,,,,,,,,,,,
pda_Kew48ii,Exit pyramid via teleporter,,,,,,,,,,,,,,,,
pda_5dqaoGK,Exit via teleporter,,,,,,,,,,,,,,,,
pda_GaC04CC,Exit via teleporter,,,,,,,,,,,,,,,,
pda_m8GmeWi,Return to gamemaster,,,,,,,,,,,,,,,,
pda_OCmaWuS,Return to gamemaster,,,,,,,,,,,,,,,,
pda_meqW0fa,Return to gamemaster,,,,,,,,,,,,,,,,
pda_GOq0qui,Return to Arcadia Station,,,,,,,,,,,,,,,,
pda_0heGeme,Return to Arcadia Station,,,,,,,,,,,,,,,,
pda_Ce40mG4,Return to Arcadia Station,,,,,,,,,,,,,,,,
pda_4Ke4CKm,Ending Simulation,,,,,,,,,,,,,,,,
pda_eeCi0uK,Ending Simulation,,,,,,,,,,,,,,,,
pda_uK0aa0O,Ending Simulation,,,,,,,,,,,,,,,,
pda_uCa0aIS,Go to the exit portal,,,,,,,,,,,,,,,,
pda_aiSauAm,Go to the exit portal,,,,,,,,,,,,,,,,
pda_uKiq8WS,Go to the exit portal,,,,,,,,,,,,,,,,
pda_8iSCKSi,Speak with the commander,,,,,,,,,,,,,,,,
pda_8E8OiWD,Speak with the commander,,,,,,,,,,,,,,,,
pda_O0m4SWm,Speak with the commander,,,,,,,,,,,,,,,,
pda_e0qmGu8,Go to the mine lower level,,,,,,,,,,,,,,,,
pda_q0K4OsC,Go to the mine lower level,,,,,,,,,,,,,,,,
pda_Fmmau2m,Go to the mine lower level,,,,,,,,,,,,,,,,
pda_O4SKiGu,Explore the mine,,,,,,,,,,,,,,,,
pda_i4iCSOq,Explore the mine,,,,,,,,,,,,,,,,
pda_SXeSCta,Explore the mine,,,,,,,,,,,,,,,,
pda_OKm8Sa4,Go deeper into the mine,,,,,,,,,,,,,,,,
pda_40G8UUq,Find a way to go deeper,,,,,,,,,,,,,,,,
pda_WGiw8aa,Find a way to go deeper,,,,,,,,,,,,,,,,
pda_Ga40GKa,Find the mine access controls,,,,,,,,,,,,,,,,
pda_qOCWG8e,Find the mine access controls,,,,,,,,,,,,,,,,
pda_qOAWcGh,Find the mine access controls,,,,,,,,,,,,,,,,
pda_qOWqOKm,Access the inner mine,,,,,,,,,,,,,,,,
pda_404uEKu,Access the inner mine,,,,,,,,,,,,,,,,
pda_OueiaWO,Access the inner mine,,,,,,,,,,,,,,,,
pda_284eaui,Find the boss fight room,,,,,,,,,,,,,,,,
pda_Cem0aeO,Find the boss fight room,,,,,,,,,,,,,,,,
pda_e4uGmCK,Find the boss fight room,,,,,,,,,,,,,,,,
pda_qOOmKmi,Danger,,,,,,,,,,,,,,,,
pda_8Oi4uYu,Danger,,,,,,,,,,,,,,,,
pda_SOSsGag,Danger,,,,,,,,,,,,,,,,
pda_8W4amSm,Take out the Protoinfector,,,,,,,,,,,,,,,,
pda_eaWSK88,Take out the Protoinfector,,,,,,,,,,,,,,,,
pda_aOC4OCS,Take out the Protoinfector,,,,,,,,,,,,,,,,
pda_a6SmGqK,Finish looting the mine,,,,,,,,,,,,,,,,
pda_4uKSAmG,Finish looting the mine,,,,,,,,,,,,,,,,
pda_4m0VCOu,Finish looting the mine,,,,,,,,,,,,,,,,
pda_qWuO0SK,Return to Arcadia Station,,,,,,,,,,,,,,,,
pda_4W0Oiai,Return to Arcadia Station,,,,,,,,,,,,,,,,
pda_iCidm0G,Return to Arcadia Station,,,,,,,,,,,,,,,,
pda_saOWqVq,Ending simulation,,,,,,,,,,,,,,,,
pda_K4GuKmG,Ending simulation,,,,,,,,,,,,,,,,
pda_Smc0Ki0,Ending simulation,,,,,,,,,,,,,,,,
pda_uue2C2p,[b][c][ffffff][[u] Arcadia - Tutorial [/u]][-][/c][/b],,,,,,,,,,,,,,,,
pda_rL8iu48,VR Planets,,,,,,,,,,,,,,,,
pda_aWG04aC,Autocomplete,,,,,,,,,,,,,,,,
pda_TCKOGm0,Autocomplete,,,,,,,,,,,,,,,,
pda_iCGmauO,[b][c][ffffff]ArcadiaVR Tutorial[-][/c][/b]\n[c][0088ff]To get started with Arcadia[-][/c][c][ecf000][-][/c]\n[c][ecf000]Visit Arcadia Station [-][/c][c][969696](Alpha)[-][/c]\n[c][ffffff]PDA(F1)->Solo Missions->Activate VR Arcade missions[-][/c]\n[c][0088ff]Arcade VR Portals are located at Arcadia Station.[-][/c][c][0088ff] These missions are repeatable and can be activated anytime via PDA(F1). 4 hour cooldown. Activate missions prior to entering portals.[-][/c]\n[c][0088ff]Earn [-][/c][c][ff0000][b]CacheKeys[/b][-][/c][c][0088ff] and [-][/c][c][db00c9][b]ChampionKeys[/b][-][/c][c][0088ff] as well as other rewards for VR Sims successfully completed.\nRedeem at the Arcadia Cache portal on the arcade lower level.[-][/c],,,,,,,,,,,,,,,,
pda_KCW8Gah,Speak with the commander,,,,,,,,,,,,,,,,
pda_p8K48GK,Speak with the commander,,,,,,,,,,,,,,,,
pda_OmOi0Aa,Speak with the commander,,,,,,,,,,,,,,,,
pda_iOeqG48,Flip the drill switch,,,,,,,,,,,,,,,,
pda_SSaE8im,Flip the drill switch,,,,,,,,,,,,,,,,
pda_ZgWS0un,Flip the drill switch,,,,,,,,,,,,,,,,
pda_Sia4qiO,Enter the mine,,,,,,,,,,,,,,,,
pda_Su84OqG,Find a way into the mine,,,,,,,,,,,,,,,,
pda_8iuq88O,Find a way into the mine,,,,,,,,,,,,,,,,
pda_aKMqc4O,Access mine,,,,,,,,,,,,,,,,
pda_GkeSSG0,Access mine,,,,,,,,,,,,,,,,
pda_SKGeKa0,Search the mine,,,,,,,,,,,,,,,,
pda_ciX48GI,Eliminate legacy threats,,,,,,,,,,,,,,,,
pda_8WOMWe8,Eliminate legacy threats,,,,,,,,,,,,,,,,
pda_488Y4iu,Locate the legacy bioshell boss,,,,,,,,,,,,,,,,
pda_8Q4aOce,Locate the legacy bioshell boss,,,,,,,,,,,,,,,,
pda_uGWSKOO,Go to the boss fight,,,,,,,,,,,,,,,,
pda_KuCOS0m,Go to the boss fight,,,,,,,,,,,,,,,,
pda_TmqCaum,Go to the boss fight,,,,,,,,,,,,,,,,
pda_CmGSeG8,Take out the legacy bioshell,,,,,,,,,,,,,,,,
pda_W8K4CC8,Destroy legacy bioshell,,,,,,,,,,,,,,,,
pda_K8iSWGi,Destroy legacy bioshell,,,,,,,,,,,,,,,,
pda_CaSUaGC,Destroy spawners,,,,,,,,,,,,,,,,
pda_CCeSKCq,Destroy spawners,,,,,,,,,,,,,,,,
pda_eima04I,Find exit portal,,,,,,,,,,,,,,,,
pda_SCst88a,Find exit portal,,,,,,,,,,,,,,,,
pda_GWjG4KK,Find exit portal,,,,,,,,,,,,,,,,
pda_aGCeO4u,Ending simulation,,,,,,,,,,,,,,,,
pda_WmiV0W0,Ending simulation,,,,,,,,,,,,,,,,
pda_CaMuWac,Ending simulation,,,,,,,,,,,,,,,,
pda_titK1iK,Arcadia Station,,,,,,,,,,,,,,,,
pda_0SuKW8W,Autocomplete,,,,,,,,,,,,,,,,
pda_WaGCgOG,Autocomplete,,,,,,,,,,,,,,,,
pda_08ummqG,Arcade VR Portals,,,,,,,,,,,,,,,,
pda_qM4i4IS,Arcade VR Portals,,,,,,,,,,,,,,,,
pda_C4CmO64,Arcade VR Portals,,,,,,,,,,,,,,,,
pda_CAU4O8u,[b][c][ffffff]Arcadia Station[-][/c][/b]\n[c][0088ff]Arcadia Station is the premier entertainment destination for galactic VR enthusiasts. Visit the station in the Alpha system to play VR simulations and compete with galactic gamers on the Arcadia leaderboards.[-][/c],,,,,,,,,,,,,,,,
pda_QCGC8S4,[b][c][ffffff]VR Planets[-][/c][/b]\n[c][04ecdd]VR Planet Aethon [-][/c]\n[c][00ff88]VR Planet Medusa [-][/c]\n[c][ecf000]VR Planet Shangri-La [-][/c]\n[c][dd08d6]VR Planet Nyxara[-][/c][c][ecf000][-][/c][c][00ff88][-][/c][c][04ecdd][-][/c],,,,,,,,,,,,,,,,
pda_jCi0mG8,[b][c][ffffff]Arcade VR Portals[-][/c][/b]\n[c][0088ff]The portals on Arcadia Station teleport players to virtual reality instance playfields which contain mission objectives in the PDA (F1). Activate missions in PDA prior to entering portals. Earn rewards and rep while climbing the Arcadia leaderboards by completing Arcadia VR PDA missions.[-][/c],,,,,,,,,,,,,,,,
pda_iee0am0,Explore the mine,,,,,,,,,,,,,,,,
pda_u0WCGaO,Explore the mine,,,,,,,,,,,,,,,,
pda_O8OuGE0,Explore the mine,,,,,,,,,,,,,,,,
pda_KeqeSy8,[c][04ecdd]Welcome to Arcadia Resort. It's seen better days.[-][/c],,,,,,,,,,,,,,,,
